egret,Egret ,#f3ece0,243,236,224
snow-white,Snow White,#f2f0eb,242,240,235
bright-white,Bright White,#f4f5f0,244,245,240
cloud-dancer,Cloud Dancer,#f0eee9,240,238,233
gardenia,Gardenia ,#f1e8df,241,232,223
marshmallow,Marshmallow ,#f0eee4,240,238,228
blanc-de-blanc,Blanc De-Blanc,#e7e9e7,231,233,231
pristine,Pristine ,#f2e8da,242,232,218
whisper-white,Whisper White,#ede6db,237,230,219
white-asparagus,White Asparagus,#e1dbc8,225,219,200
birch,Birch ,#ddd5c7,221,213,199
turtledove,Turtledove ,#ded7c8,222,215,200
bone-white,Bone White,#d7d0c0,215,208,192
silver-birch,Silver Birch,#d2cfc4,210,207,196
vanilla-ice,Vanilla Ice,#f0eada,240,234,218
papyrus,Papyrus ,#f5edd6,245,237,214
antique-white,Antique White,#ede3d2,237,227,210
winter-white,Winter White,#f5ecd2,245,236,210
cloud-cream,Cloud Cream,#e6ddc5,230,221,197
angora,Angora ,#dfd1bb,223,209,187
seedpearl,Seedpearl ,#e6dac4,230,218,196
vanilla-custard,Vanilla Custard,#f3e0be,243,224,190
almond-oil,Almond Oil,#f4efc1,244,239,193
alabaster-gleam,Alabaster Gleam,#f0debd,240,222,189
vanilla,Vanilla ,#f4e1c1,244,225,193
rutabaga,Rutabaga ,#ecddbe,236,221,190
banana-crepe,Banana Crepe,#e7d3ad,231,211,173
italian-straw,Italian Straw,#e7d1a1,231,209,161
whitecap-gray,Whitecap Gray,#e0d5c6,224,213,198
fog,Fog ,#d0c5b1,208,197,177
white-swan,White Swan,#e4d7c5,228,215,197
sandshell,Sandshell ,#d8ccbb,216,204,187
tapioca,Tapioca ,#dccdbc,220,205,188
creme-brulee,Creme Brulee,#dbccb5,219,204,181
parchment,Parchment ,#dfd1be,223,209,190
sheer-pink,Sheer Pink,#f6e5db,246,229,219
dew,Dew ,#eeded1,238,222,209
powder-puff,Powder Puff,#f3e0d6,243,224,214
pearled-ivory,Pearled Ivory,#f0dfcc,240,223,204
white-smoke,White Smoke,#eddcc9,237,220,201
ecru,Ecru ,#f3dfca,243,223,202
navajo,Navajo ,#efdcc3,239,220,195
almost-mauve,Almost Mauve,#e7dcd9,231,220,217
delicacy,Delicacy ,#f5e3e2,245,227,226
petal-pink,Petal Pink,#f2e2e0,242,226,224
bridal-blush,Bridal Blush,#eee2dd,238,226,221
cream-pink,Cream Pink,#f6e4d9,246,228,217
angel-wing,Angel Wing,#f3dfd7,243,223,215
pastel-parchment,Pastel Parchment,#e5d9d3,229,217,211
star-white,Star White,#efefe8,239,239,232
lily-white,Lily White,#e2e2da,226,226,218
vaporous-gray,Vaporous Gray,#dfddd7,223,221,215
summer-shower,Summer Shower,#e5ebe3,229,235,227
ice,Ice ,#e0e4d9,224,228,217
frost,Frost ,#dde2d6,221,226,214
icicle,Icicle ,#dadcd0,218,220,208
bit-of-blue,Bit Of-Blue,#e2eaeb,226,234,235
mystic-blue,Mystic Blue,#e1e3de,225,227,222
bluewash,Bluewash ,#e2e6e0,226,230,224
spa-blue,Spa Blue,#d3dedf,211,222,223
lightest-sky,Lightest Sky,#e4eadf,228,234,223
hint-of-mint,Hint Of-Mint,#d8e8e6,216,232,230
murmur,Murmur ,#d2d8d2,210,216,210
barely-blue,Barely Blue,#dde0df,221,224,223
blue-blush,Blue Blush,#d6dbd9,214,219,217
zephyr-blue,Zephyr Blue,#d3d9d1,211,217,209
blue-flower,Blue Flower,#d0d9d4,208,217,212
sprout-green,Sprout Green,#cbd7d2,203,215,210
billowing-sail,Billowing Sail,#d8e7e7,216,231,231
hushed-green,Hushed Green,#d8e9e5,216,233,229
lambs-wool,Lambs Wool,#e5d0b1,229,208,177
winter-wheat,Winter Wheat,#dfc09f,223,192,159
summer-melon,Summer Melon,#ead3ae,234,211,174
chamomile,Chamomile ,#e8d0a7,232,208,167
cornhusk,Cornhusk ,#f2d6ae,242,214,174
apricot-gelato,Apricot Gelato,#f5d7af,245,215,175
biscotti,Biscotti ,#dac7ab,218,199,171
asparagus-green,Asparagus Green,#d2cdb4,210,205,180
oyster-white,Oyster White,#d2caaf,210,202,175
putty,Putty ,#d4cab0,212,202,176
moth,Moth ,#d2cbaf,210,203,175
wood-ash,Wood Ash,#d7cab0,215,202,176
gravel,Gravel ,#cbbfa2,203,191,162
pale-khaki,Pale Khaki,#bfaf92,191,175,146
light-gray,Light Gray,#dad8c9,218,216,201
silver-green,Silver Green,#d7d7c7,215,215,199
pelican,Pelican ,#c1bcac,193,188,172
overcast,Overcast ,#c3bdab,195,189,171
tidal-foam,Tidal Foam,#bfb9a3,191,185,163
agate-gray,Agate Gray,#b1b09f,177,176,159
alfalfa,Alfalfa ,#b7b59f,183,181,159
castle-wall,Castle Wall,#c8c1ab,200,193,171
oyster-gray,Oyster Gray,#cbc1ae,203,193,174
cement,Cement ,#c4b6a6,196,182,166
spray-green,Spray Green,#aea692,174,166,146
eucalyptus,Eucalyptus ,#b1a992,177,169,146
twill,Twill ,#a79b82,167,155,130
olive-gray,Olive Gray,#a6997a,166,153,122
chinchilla,Chinchilla ,#9c8e7b,156,142,123
seneca-rock,Seneca Rock,#9a927f,154,146,127
laurel-oak,Laurel Oak,#918c7e,145,140,126
coriander,Coriander ,#938772,147,135,114
dune,Dune ,#998978,153,137,120
lead-gray,Lead Gray,#8a7963,138,121,99
covert-green,Covert Green,#80765f,128,118,95
oxford-tan,Oxford Tan,#b8a99a,184,169,154
plaza-taupe,Plaza Taupe,#aea393,174,163,147
tuffet,Tuffet ,#a59788,165,151,136
silver-mink,Silver Mink,#9f8d7c,159,141,124
timber-wolf,Timber Wolf,#8d8070,141,128,112
taupe-gray,Taupe Gray,#8e7c71,142,124,113
pine-bark,Pine Bark,#827064,130,112,100
pumice-stone,Pumice Stone,#cac2b9,202,194,185
simply-taupe,Simply Taupe,#ad9f93,173,159,147
aluminum,Aluminum ,#9f9586,159,149,134
cobblestone,Cobblestone ,#a89a8e,168,154,142
brindle,Brindle ,#82776b,130,119,107
walnut,Walnut ,#776a5f,119,106,95
bungee-cord,Bungee Cord,#696156,105,97,86
oatmeal,Oatmeal ,#cbc3b4,203,195,180
moonbeam,Moonbeam ,#cdc6bd,205,198,189
rainy-day,Rainy Day,#cfc8bd,207,200,189
gray-morn,Gray Morn,#cabeb5,202,190,181
peyote,Peyote ,#c5bbae,197,187,174
feather-gray,Feather Gray,#b8ad9e,184,173,158
goat,Goat ,#a89a91,168,154,145
white-sand,White Sand,#dbd5d1,219,213,209
silver-gray,Silver Gray,#c1b7b0,193,183,176
chateau-gray,Chateau Gray,#bbb1a8,187,177,168
string,String ,#aa9f96,170,159,150
atmosphere,Atmosphere ,#a89c94,168,156,148
moon-rock,Moon Rock,#958b84,149,139,132
fungi,Fungi ,#8f8177,143,129,119
silver-lining,Silver Lining,#bdb6ab,189,182,171
moonstruck,Moonstruck ,#c2beb6,194,190,182
pussywillow-gray,Pussywillow Gray,#aeaca1,174,172,161
london-fog,London Fog,#a29e92,162,158,146
rock-ridge,Rock Ridge,#918c86,145,140,134
moon-mist,Moon Mist,#80817d,128,129,125
castor-gray,Castor Gray,#646762,100,103,98
glacier-gray,Glacier Gray,#c5c6c7,197,198,199
lunar-rock,Lunar Rock,#c5c5c5,197,197,197
dawn-blue,Dawn Blue,#cacccb,202,204,203
gray-violet,Gray Violet,#bbbcbc,187,188,188
vapor-blue,Vapor Blue,#bebdbd,190,189,189
high-rise,High Rise,#aeb2b5,174,178,181
limestone,Limestone ,#989a98,152,154,152
silver-cloud,Silver Cloud,#beb7b0,190,183,176
dove,Dove ,#b3ada7,179,173,167
flint-gray,Flint Gray,#a09c98,160,156,152
drizzle,Drizzle ,#a09f9c,160,159,156
elephant-skin,Elephant Skin,#8f8982,143,137,130
cinder,Cinder ,#8a7e78,138,126,120
steeple-gray,Steeple Gray,#827e7c,130,126,124
metal,Metal ,#babfbc,186,191,188
blue-fox,Blue Fox,#b9bcb6,185,188,182
storm-gray,Storm Gray,#b5bab6,181,186,182
pigeon,Pigeon ,#a9afaa,169,175,170
mirage-gray,Mirage Gray,#abafae,171,175,174
puritan-gray,Puritan Gray,#a8b0ae,168,176,174
wrought-iron,Wrought Iron,#999e98,153,158,152
opal-gray,Opal Gray,#a49e9e,164,158,158
wild-dove,Wild Dove,#8b8c89,139,140,137
neutral-gray,Neutral Gray,#8e918f,142,145,143
gargoyle,Gargoyle ,#686767,104,103,103
smoked-pearl,Smoked Pearl,#656466,101,100,102
sedona-sage,Sedona Sage,#686d6c,104,109,108
gunmetal,Gunmetal ,#5c5d5b,92,93,91
wind-chime,Wind Chime,#cac5c2,202,197,194
paloma,Paloma ,#9f9c99,159,156,153
charcoal-gray,Charcoal Gray,#6c6868,108,104,104
steel-gray,Steel Gray,#726f70,114,111,112
pewter,Pewter ,#666564,102,101,100
castlerock,Castlerock ,#5f5e62,95,94,98
nine-iron,Nine Iron,#46434a,70,67,74
ash,Ash ,#a09998,160,153,152
cloudburst,Cloudburst ,#837f7f,131,127,127
frost-gray,Frost Gray,#848283,132,130,131
excalibur,Excalibur ,#676168,103,97,104
dark-gull-gray,Dark Gull-Gray,#625d5d,98,93,93
rabbit,Rabbit ,#5f575c,95,87,92
shale,Shale ,#4a3f41,74,63,65
fossil,Fossil ,#806f63,128,111,99
major-brown,Major Brown,#5b5149,91,81,73
chocolate-chip,Chocolate Chip,#685a4e,104,90,78
canteen,Canteen ,#5e5347,94,83,71
stone-gray,Stone Gray,#685e4f,104,94,79
capers,Capers ,#695e4b,105,94,75
beech,Beech ,#5b4f3b,91,79,59
tarmac,Tarmac ,#5a5348,90,83,72
wren,Wren ,#4a4139,74,65,57
black-olive,Black Olive,#48413b,72,65,59
beluga,Beluga ,#4a4843,74,72,67
black-ink,Black Ink,#44413c,68,65,60
peat,Peat ,#3b3a36,59,58,54
jet-set,Jet Set,#262c2a,38,44,42
iron,Iron ,#736460,115,100,96
plum-kitten,Plum Kitten,#625b5c,98,91,92
turkish-coffee,Turkish Coffee,#483f39,72,63,57
black-coffee,Black Coffee,#3b302f,59,48,47
after-dark,After Dark,#3c3535,60,53,53
licorice,Licorice ,#3a3536,58,53,54
raven,Raven ,#413e3d,65,62,61
jet-black,Jet Black,#2d2c2f,45,44,47
phantom,Phantom ,#39373b,57,55,59
stretch-limo,Stretch Limo,#2b2c30,43,44,48
moonless-night,Moonless Night,#2f2d30,47,45,48
caviar,Caviar ,#292a2d,41,42,45
pirate-black,Pirate Black,#363838,54,56,56
anthracite,Anthracite ,#28282d,40,40,45
vanilla-cream,Vanilla Cream,#f4d8c6,244,216,198
dawn,Dawn ,#ebd2b7,235,210,183
gray-sand,Gray Sand,#e5ccaf,229,204,175
autumn-blonde,Autumn Blonde,#eed0ae,238,208,174
apricot-illusion,Apricot Illusion,#e2c4a6,226,196,166
mellow-buff,Mellow Buff,#d8b998,216,185,152
sheepskin,Sheepskin ,#dab58f,218,181,143
almond-buff,Almond Buff,#ccb390,204,179,144
beige,Beige ,#d5ba98,213,186,152
sand,Sand ,#cca67f,204,166,127
latte,Latte ,#c5a582,197,165,130
tan,Tan ,#b69574,182,149,116
doe,Doe ,#b98e68,185,142,104
indian-tan,Indian Tan,#ad8567,173,133,103
safari,Safari ,#baaa91,186,170,145
candied-ginger,Candied Ginger,#bfa387,191,163,135
warm-sand,Warm Sand,#c5ae91,197,174,145
cuban-sand,Cuban Sand,#c1a68d,193,166,141
nougat,Nougat ,#b69885,182,152,133
natural,Natural ,#aa907d,170,144,125
nomad,Nomad ,#b49f89,180,159,137
frozen-dew,Frozen Dew,#d8cfb2,216,207,178
bleached-sand,Bleached Sand,#daccb4,218,204,180
pebble,Pebble ,#cab698,202,182,152
croissant,Croissant ,#c4ab86,196,171,134
incense,Incense ,#af9a7e,175,154,126
cornstalk,Cornstalk ,#a9947a,169,148,122
tannin,Tannin ,#a68a6d,166,138,109
green-haze,Green Haze,#cac4a4,202,196,164
mojave-desert,Mojave Desert,#c7b595,199,181,149
taos-taupe,Taos Taupe,#bfa77f,191,167,127
lark,Lark ,#b89b72,184,155,114
kelp,Kelp ,#988467,152,132,103
antique-bronze,Antique Bronze,#907954,144,121,84
dull-gold,Dull Gold,#8a6f48,138,111,72
brown-sugar,Brown Sugar,#a17249,161,114,73
chipmunk,Chipmunk ,#976f4c,151,111,76
tobacco-brown,Tobacco Brown,#9a7352,154,115,82
bison,Bison ,#6e4f3a,110,79,58
monks-robe,Monks Robe,#704822,112,72,34
dachshund,Dachshund ,#704f37,112,79,55
toffee,Toffee ,#755139,117,81,57
aztec,Aztec ,#7a5747,122,87,71
cocoa-brown,Cocoa Brown,#6c5043,108,80,67
partridge,Partridge ,#725440,114,84,64
friar-brown,Friar Brown,#6e493a,110,73,58
mustang,Mustang ,#684b40,104,75,64
pinecone,Pinecone ,#61473b,97,71,59
potting-soil,Potting Soil,#54392d,84,57,45
ermine,Ermine ,#836b4f,131,107,79
otter,Otter ,#7f674f,127,103,79
kangaroo,Kangaroo ,#725e43,114,94,67
sepia,Sepia ,#6b543e,107,84,62
coffee-liqueur,Coffee Liqueur,#6a513b,106,81,59
desert-palm,Desert Palm,#5a4632,90,70,50
teak,Teak ,#655341,101,83,65
shitake,Shitake ,#736253,115,98,83
cub,Cub ,#6e5c4b,110,92,75
carafe,Carafe ,#5d473a,93,71,58
dark-earth,Dark Earth,#5c4939,92,73,57
slate-black,Slate Black,#4b3d33,75,61,51
chocolate-brown,Chocolate Brown,#4e403b,78,64,59
demitasse,Demitasse ,#40342b,64,52,43
deep-taupe,Deep Taupe,#7b6660,123,102,96
shopping-bag,Shopping Bag,#5a4743,90,71,67
chestnut,Chestnut ,#584039,88,64,57
bracken,Bracken ,#4f3f3b,79,63,59
seal-brown,Seal Brown,#493b39,73,59,57
java,Java ,#433331,67,51,49
coffee-bean,Coffee Bean,#40312f,64,49,47
mother-of-pearl,Mother Of-Pearl,#e9d4c3,233,212,195
pastel-rose-tan,Pastel Rose-Tan,#e9d1bf,233,209,191
novelle-peach,Novelle Peach,#e7cfbd,231,207,189
sun-kiss,Sun Kiss,#ebd1bb,235,209,187
ivory-cream,Ivory Cream,#dac0a7,218,192,167
shifting-sand,Shifting Sand,#d8c0ad,216,192,173
appleblossom,Appleblossom ,#ddbca0,221,188,160
eggnog,Eggnog ,#ece1d3,236,225,211
cream-tan,Cream Tan,#e4c7b8,228,199,184
sand-dollar,Sand Dollar,#decdbe,222,205,190
smoke-gray,Smoke Gray,#cebaa8,206,186,168
doeskin,Doeskin ,#bdab9b,189,171,155
sesame,Sesame ,#baa38b,186,163,139
light-taupe,Light Taupe,#b19d8d,177,157,141
warm-taupe,Warm Taupe,#af9483,175,148,131
stucco,Stucco ,#a58d7f,165,141,127
almondine,Almondine ,#a78c8b,167,140,139
chanterelle,Chanterelle ,#a28776,162,135,118
ginger-snap,Ginger Snap,#977d70,151,125,112
woodsmoke,Woodsmoke ,#947764,148,119,100
amphora,Amphora ,#9f8672,159,134,114
moonlight,Moonlight ,#c5b1a0,197,177,160
frappe,Frappe ,#d1b7a0,209,183,160
rugby-tan,Rugby Tan,#c2a594,194,165,148
roebuck,Roebuck ,#b09080,176,144,128
praline,Praline ,#ad8b75,173,139,117
burro,Burro ,#947764,148,119,100
beaver-fur,Beaver Fur,#997867,153,120,103
toasted-almond,Toasted Almond,#d2b49c,210,180,156
tawny-birch,Tawny Birch,#ae856c,174,133,108
macaroon,Macaroon ,#b38b71,179,139,113
tawny-brown,Tawny Brown,#ab856f,171,133,111
camel,Camel ,#b0846a,176,132,106
toast,Toast ,#ca9978,202,153,120
toasted-nut,Toasted Nut,#c08768,192,135,104
nude,Nude ,#f2d3bc,242,211,188
tender-peach,Tender Peach,#f8d5b8,248,213,184
alesan,Alesan ,#f1ceb3,241,206,179
pale-peach,Pale Peach,#fed1bd,254,209,189
peach-puree,Peach Puree,#efcfba,239,207,186
bellini,Bellini ,#f4c9b1,244,201,177
amberlight,Amberlight ,#e2bea2,226,190,162
peach-dust,Peach Dust,#f0d8cc,240,216,204
linen,Linen ,#edd2c0,237,210,192
scallop-shell,Scallop Shell,#fbd8c9,251,216,201
soft-pink,Soft Pink,#f2d8cd,242,216,205
pale-dogwood,Pale Dogwood,#edcdc2,237,205,194
silver-peony,Silver Peony,#e7cfc7,231,207,199
rose-dust,Rose Dust,#cdb2a5,205,178,165
shell,Shell ,#e1cfc6,225,207,198
whisper-pink,Whisper Pink,#dacbbe,218,203,190
pink-tint,Pink Tint,#dbcbbd,219,203,189
evening-sand,Evening Sand,#ddb6ab,221,182,171
sirocco,Sirocco ,#c39d88,195,157,136
brush,Brush ,#b99984,185,153,132
cafe-au-lait,Cafe Au-Lait,#ae8774,174,135,116
cameo-rose,Cameo Rose,#d7b8ab,215,184,171
pale-blush,Pale Blush,#e4bfb3,228,191,179
rose-cloud,Rose Cloud,#dbb0a2,219,176,162
spanish-villa,Spanish Villa,#dfbaa9,223,186,169
maple-sugar,Maple Sugar,#c9a38d,201,163,141
tuscany,Tuscany ,#be9785,190,151,133
cork,Cork ,#ba8671,186,134,113
bisque,Bisque ,#edcab5,237,202,181
almost-apricot,Almost Apricot,#e5b39b,229,179,155
pink-sand,Pink Sand,#dfb19b,223,177,155
peach-nougat,Peach Nougat,#e6af91,230,175,145
peach-bloom,Peach Bloom,#d99b7c,217,155,124
dusty-coral,Dusty Coral,#d29b83,210,155,131
cafe-creme,Cafe Creme,#c79685,199,150,133
sandstorm,Sandstorm ,#bd8b69,189,139,105
butterum,Butterum ,#c68f65,198,143,101
biscuit,Biscuit ,#b4835b,180,131,91
cashew,Cashew ,#a47149,164,113,73
almond,Almond ,#a7754d,167,117,77
lion,Lion ,#a0714f,160,113,79
thrush,Thrush ,#936b4f,147,107,79
mocha-mousse,Mocha Mousse,#a47864,164,120,100
pecan-brown,Pecan Brown,#a36e51,163,110,81
hazel,Hazel ,#ae7250,174,114,80
bran,Bran ,#a66e4a,166,110,74
adobe,Adobe ,#a3623b,163,98,59
leather-brown,Leather Brown,#97572b,151,87,43
glazed-ginger,Glazed Ginger,#91552b,145,85,43
sandstone,Sandstone ,#c48a69,196,138,105
caramel,Caramel ,#c37c54,195,124,84
amber-brown,Amber Brown,#a66646,166,102,70
sierra,Sierra ,#985c41,152,92,65
ginger-bread,Ginger Bread,#8c4a2f,140,74,47
mocha-bisque,Mocha Bisque,#8c543a,140,84,58
tortoise-shell,Tortoise Shell,#754734,117,71,52
pheasant,Pheasant ,#c68463,198,132,99
sunburn,Sunburn ,#b37256,179,114,86
raw-sienna,Raw Sienna,#b9714f,185,113,79
autumn-leaf,Autumn Leaf,#b56a4c,181,106,76
mecca-orange,Mecca Orange,#bd5745,189,87,69
rust,Rust ,#b55a30,181,90,48
bombay-brown,Bombay Brown,#9f5130,159,81,48
frosted-almond,Frosted Almond,#d2c2ac,210,194,172
gilded-beige,Gilded Beige,#b39f8d,179,159,141
pale-gold,Pale Gold,#bd9865,189,152,101
rich-gold,Rich Gold,#c8b273,200,178,115
copper,Copper ,#c47e5a,196,126,90
copper-coin,Copper Coin,#ba6b57,186,107,87
silver,Silver ,#a2a2a1,162,162,161
raw-umber,Raw Umber,#92705f,146,112,95
brownie,Brownie ,#8f7265,143,114,101
acorn,Acorn ,#7e5e52,126,94,82
clove,Clove ,#876155,135,97,85
carob-brown,Carob Brown,#855c4c,133,92,76
russet,Russet ,#8f5f50,143,95,80
rawhide,Rawhide ,#865e49,134,94,73
chutney,Chutney ,#98594b,152,89,75
baked-clay,Baked Clay,#9c5642,156,86,66
copper-brown,Copper Brown,#9a6051,154,96,81
brown-patina,Brown Patina,#834f3d,131,79,61
rustic-brown,Rustic Brown,#855141,133,81,65
coconut-shell,Coconut Shell,#874e3c,135,78,60
sequoia,Sequoia ,#804839,128,72,57
root-beer,Root Beer,#714a41,113,74,65
brunette,Brunette ,#664238,102,66,56
sable,Sable ,#6e403c,110,64,60
cinnamon,Cinnamon ,#6b4139,107,65,57
fudgesickle,Fudgesickle ,#63403a,99,64,58
mink,Mink ,#734b42,115,75,66
cappuccino,Cappuccino ,#633f33,99,63,51
cognac,Cognac ,#8b645a,139,100,90
nutmeg,Nutmeg ,#7e5c54,126,92,84
french-roast,French Roast,#58423f,88,66,63
deep-mahogany,Deep Mahogany,#553b39,85,59,57
rum-raisin,Rum Raisin,#583432,88,52,50
brown-stone,Brown Stone,#593c39,89,60,57
bitter-chocolate,Bitter Chocolate,#503130,80,49,48
mahogany,Mahogany ,#824d46,130,77,70
henna,Henna ,#7c423c,124,66,60
arabian-spice,Arabian Spice,#884332,136,67,50
hot-chocolate,Hot Chocolate,#683b39,104,59,57
russet-brown,Russet Brown,#743332,116,51,50
madder-brown,Madder Brown,#6a3331,106,51,49
andorra,Andorra ,#603535,96,53,53
afterglow,Afterglow ,#f3e6c9,243,230,201
transparent-yellow,Transparent Yellow,#f4ecc2,244,236,194
double-cream,Double Cream,#f3e0ac,243,224,172
sunlight,Sunlight ,#edd59e,237,213,158
straw,Straw ,#e0c992,224,201,146
jojoba,Jojoba ,#dabe81,218,190,129
rattan,Rattan ,#d1b272,209,178,114
boulder,Boulder ,#d1be9b,209,190,155
sea-mist,Sea Mist,#d8c9a3,216,201,163
reed-yellow,Reed Yellow,#dcc99e,220,201,158
chino-green,Chino Green,#d9caa5,217,202,165
parsnip,Parsnip ,#d6c69a,214,198,154
dusty-yellow,Dusty Yellow,#d4cc9a,212,204,154
silver-fern,Silver Fern,#bbaa7e,187,170,126
lemon-grass,Lemon Grass,#dcd494,220,212,148
raffia,Raffia ,#dac483,218,196,131
golden-mist,Golden Mist,#d5cd94,213,205,148
pampas,Pampas ,#cfbb7b,207,187,123
bamboo,Bamboo ,#d2b04c,210,176,76
cress-green,Cress Green,#bca949,188,169,73
olive-oil,Olive Oil,#a98b2d,169,139,45
dried-moss,Dried Moss,#ccb97e,204,185,126
celery,Celery ,#cec153,206,193,83
acacia,Acacia ,#dacd65,218,205,101
sulphur,Sulphur ,#ddb614,221,182,20
oil-yellow,Oil Yellow,#c4a647,196,166,71
green-sulphur,Green Sulphur,#ae8e2c,174,142,44
golden-palm,Golden Palm,#aa8805,170,136,5
cocoon,Cocoon ,#c9b27c,201,178,124
hemp,Hemp ,#c0ad7c,192,173,124
southern-moss,Southern Moss,#bca66a,188,166,106
olivenite,Olivenite ,#c1a65c,193,166,92
golden-green,Golden Green,#bdb369,189,179,105
antique-gold,Antique Gold,#b59e5f,181,158,95
burnished-gold,Burnished Gold,#aa9855,170,152,85
french-vanilla,French Vanilla,#efe1a7,239,225,167
pastel-yellow,Pastel Yellow,#f2e6b1,242,230,177
tender-yellow,Tender Yellow,#ededb7,237,237,183
wax-yellow,Wax Yellow,#ede9ad,237,233,173
lemonade,Lemonade ,#f0e79d,240,231,157
elfin-yellow,Elfin Yellow,#eeea97,238,234,151
limelight,Limelight ,#f0e87d,240,232,125
dusky-citron,Dusky Citron,#e3cc81,227,204,129
muted-lime,Muted Lime,#d1c87c,209,200,124
endive,Endive ,#d2cc81,210,204,129
custard,Custard ,#e5d68e,229,214,142
canary-yellow,Canary Yellow,#dfd87e,223,216,126
yellow-cream,Yellow Cream,#efdc75,239,220,117
cream-gold,Cream Gold,#dec05f,222,192,95
aurora,Aurora ,#eddd59,237,221,89
green-sheen,Green Sheen,#d9ce52,217,206,82
maize,Maize ,#eec843,238,200,67
blazing-yellow,Blazing Yellow,#fee715,254,231,21
buttercup,Buttercup ,#fae03c,250,224,60
empire-yellow,Empire Yellow,#f7d000,247,208,0
lemon,Lemon ,#f3bf08,243,191,8
mimosa,Mimosa ,#f0c05a,240,192,90
aspen-gold,Aspen Gold,#ffd662,255,214,98
dandelion,Dandelion ,#ffd02e,255,208,46
vibrant-yellow,Vibrant Yellow,#ffda29,255,218,41
cyber-yellow,Cyber Yellow,#ffd400,255,212,0
freesia,Freesia ,#f3c12c,243,193,44
lemon-chrome,Lemon Chrome,#ffc300,255,195,0
mellow-yellow,Mellow Yellow,#f0dd9d,240,221,157
pale-banana,Pale Banana,#fae199,250,225,153
popcorn,Popcorn ,#f8de8d,248,222,141
sunshine,Sunshine ,#fade85,250,222,133
lemon-drop,Lemon Drop,#fdd878,253,216,120
primrose-yellow,Primrose Yellow,#f6d155,246,209,85
super-lemon,Super Lemon,#e4bf45,228,191,69
misted-yellow,Misted Yellow,#dab965,218,185,101
sauterne,Sauterne ,#c5a253,197,162,83
honey,Honey ,#ba9238,186,146,56
arrowwood,Arrowwood ,#bc8d1f,188,141,31
tawny-olive,Tawny Olive,#c4962c,196,150,44
ceylon-yellow,Ceylon Yellow,#d4ae40,212,174,64
lemon-curry,Lemon Curry,#cda323,205,163,35
fall-leaf,Fall Leaf,#c9a86a,201,168,106
antelope,Antelope ,#b19664,177,150,100
mustard-gold,Mustard Gold,#b08e51,176,142,81
harvest-gold,Harvest Gold,#b68a3a,182,138,58
nugget-gold,Nugget Gold,#c89720,200,151,32
golden-spice,Golden Spice,#c6973f,198,151,63
golden-yellow,Golden Yellow,#cb8e16,203,142,22
ochre,Ochre ,#d6af66,214,175,102
tinsel,Tinsel ,#c3964d,195,150,77
bright-gold,Bright Gold,#cf9f52,207,159,82
honey-gold,Honey Gold,#d1a054,209,160,84
amber-gold,Amber Gold,#c19552,193,149,82
mineral-yellow,Mineral Yellow,#d39c43,211,156,67
narcissus,Narcissus ,#c39449,195,148,73
marzipan,Marzipan ,#d8c09d,216,192,157
curry,Curry ,#be9e6f,190,158,111
prairie-sand,Prairie Sand,#b59a6a,181,154,106
honey-mustard,Honey Mustard,#b68f52,182,143,82
wood-thrush,Wood Thrush,#a47d43,164,125,67
golden-brown,Golden Brown,#91672f,145,103,47
bronze-brown,Bronze Brown,#825e2f,130,94,47
apple-cinnamon,Apple Cinnamon,#b0885a,176,136,90
bone-brown,Bone Brown,#9d7446,157,116,70
dijon,Dijon ,#97754c,151,117,76
bistre,Bistre ,#98754a,152,117,74
medal-bronze,Medal Bronze,#977547,151,117,71
cumin,Cumin ,#927240,146,114,64
breen,Breen ,#795d34,121,93,52
snapdragon,Snapdragon ,#fed777,254,215,119
banana-cream,Banana Cream,#ffcf73,255,207,115
daffodil,Daffodil ,#fdc04e,253,192,78
yolk-yellow,Yolk Yellow,#e2b051,226,176,81
golden-rod,Golden Rod,#e2a829,226,168,41
old-gold,Old Gold,#eca825,236,168,37
spectra-yellow,Spectra Yellow,#f7b718,247,183,24
golden-haze,Golden Haze,#fbd897,251,216,151
sahara-sun,Sahara Sun,#dfc08a,223,192,138
new-wheat,New Wheat,#d7b57f,215,181,127
cornsilk,Cornsilk ,#edc373,237,195,115
buff-yellow,Buff Yellow,#f1bf70,241,191,112
sunset-gold,Sunset Gold,#f7c46c,247,196,108
golden-cream,Golden Cream,#f7b768,247,183,104
impala,Impala ,#f8ce97,248,206,151
flax,Flax ,#ffc87d,255,200,125
pale-marigold,Pale Marigold,#ffc66e,255,198,110
amber-yellow,Amber Yellow,#fab75a,250,183,90
amber,Amber ,#efad55,239,173,85
golden-apricot,Golden Apricot,#dda758,221,167,88
beeswax,Beeswax ,#eba851,235,168,81
banana,Banana ,#fcb953,252,185,83
citrus,Citrus ,#f9ac2f,249,172,47
golden-glow,Golden Glow,#d99938,217,153,56
artisans-gold,Artisans Gold,#f2ab46,242,171,70
sunflower,Sunflower ,#d39237,211,146,55
buckthorn-brown,Buckthorn Brown,#a76f1f,167,111,31
cathay-spice,Cathay Spice,#99642c,153,100,44
taffy,Taffy ,#c39b6a,195,155,106
oak-buff,Oak Buff,#cf9c63,207,156,99
honey-yellow,Honey Yellow,#ca9456,202,148,86
spruce-yellow,Spruce Yellow,#be8a4a,190,138,74
inca-gold,Inca Gold,#bb7a2c,187,122,44
sudan-brown,Sudan Brown,#ac6b29,172,107,41
rubber,Rubber ,#815b37,129,91,55
wheat,Wheat ,#dec5a5,222,197,165
honey-peach,Honey Peach,#dcbd9e,220,189,158
desert-dust,Desert Dust,#e3bc8e,227,188,142
golden-straw,Golden Straw,#e6bd8f,230,189,143
buff,Buff ,#ebc396,235,195,150
desert-mist,Desert Mist,#e0b589,224,181,137
clay,Clay ,#d2a172,210,161,114
golden-fleece,Golden Fleece,#f2d1a0,242,209,160
apricot-sherbet,Apricot Sherbet,#facd9e,250,205,158
sunburst,Sunburst ,#f6c289,246,194,137
apricot-cream,Apricot Cream,#f1bd89,241,189,137
buff-orange,Buff Orange,#ffbb7c,255,187,124
chamois,Chamois ,#f7b26a,247,178,106
warm-apricot,Warm Apricot,#ffb865,255,184,101
marigold,Marigold ,#fadc53,250,220,83
golden-nugget,Golden Nugget,#db9b59,219,155,89
butterscotch,Butterscotch ,#e19640,225,150,64
nugget,Nugget ,#cf8848,207,136,72
buckskin,Buckskin ,#d18e54,209,142,84
yam,Yam ,#d0893f,208,137,63
golden-oak,Golden Oak,#be752d,190,117,45
gold-fusion,Gold Fusion,#ffb000,255,176,0
saffron,Saffron ,#ffa500,255,165,0
cadmium-yellow,Cadmium Yellow,#ee9626,238,150,38
zinnia,Zinnia ,#ffa010,255,160,16
radiant-yellow,Radiant Yellow,#fc9e21,252,158,33
apricot,Apricot ,#f19035,241,144,53
dark-cheddar,Dark Cheddar,#e08119,224,129,25
apricot-ice,Apricot Ice,#fbbe99,251,190,153
apricot-nectar,Apricot Nectar,#ecaa79,236,170,121
gold-earth,Gold Earth,#dd9c6b,221,156,107
apricot-tan,Apricot Tan,#dd9760,221,151,96
topaz,Topaz ,#d08344,208,131,68
golden-ochre,Golden Ochre,#c77943,199,121,67
apricot-buff,Apricot Buff,#cd7e4d,205,126,77
peach-cobbler,Peach Cobbler,#ffb181,255,177,129
salmon-buff,Salmon Buff,#feaa7b,254,170,123
pumpkin,Pumpkin ,#f5a26f,245,162,111
mock-orange,Mock Orange,#ffa368,255,163,104
muskmelon,Muskmelon ,#ec935e,236,147,94
copper-tan,Copper Tan,#de8e65,222,142,101
coral-gold,Coral Gold,#d27d56,210,125,86
russet-orange,Russet Orange,#e47127,228,113,39
orange-ochre,Orange Ochre,#dc793a,220,121,58
amberglow,Amberglow ,#dc793e,220,121,62
jaffa-orange,Jaffa Orange,#d86d39,216,109,57
apricot-orange,Apricot Orange,#c86b3c,200,107,60
burnt-orange,Burnt Orange,#c86733,200,103,51
harvest-pumpkin,Harvest Pumpkin,#d56231,213,98,49
blazing-orange,Blazing Orange,#ffa64f,255,166,79
flame-orange,Flame Orange,#fb8b23,251,139,35
bright-marigold,Bright Marigold,#ff8d00,255,141,0
autumn-glory,Autumn Glory,#ff8812,255,136,18
sun-orange,Sun Orange,#f48037,244,128,55
persimmon-orange,Persimmon Orange,#f47327,244,115,39
orange-popsicle,Orange Popsicle,#ff7913,255,121,19
autumn-sunset,Autumn Sunset,#f38554,243,133,84
tangerine,Tangerine ,#f88f58,248,143,88
bird-of-paradise,Bird Of-Paradise,#ff8c55,255,140,85
orange-peel,Orange Peel,#fa7a35,250,122,53
mandarin-orange,Mandarin Orange,#ec6a37,236,106,55
golden-poppy,Golden Poppy,#f56733,245,103,51
vibrant-orange,Vibrant Orange,#ff7420,255,116,32
nectarine,Nectarine ,#ff8656,255,134,86
coral-rose,Coral Rose,#f3774d,243,119,77
carrot,Carrot ,#fd6f3b,253,111,59
firecracker,Firecracker ,#f36944,243,105,68
red-orange,Red Orange,#f05627,240,86,39
vermillion-orange,Vermillion Orange,#f9633b,249,99,59
flame,Flame ,#f2552c,242,85,44
creampuff,Creampuff ,#ffcda8,255,205,168
bleached-apricot,Bleached Apricot,#fccaac,252,202,172
almond-cream,Almond Cream,#f4c29f,244,194,159
beach-sand,Beach Sand,#fbb995,251,185,149
cream-blush,Cream Blush,#f8c19a,248,193,154
caramel-cream,Caramel Cream,#f4ba94,244,186,148
peach-fuzz,Peach Fuzz,#ffbe98,255,190,152
prairie-sunset,Prairie Sunset,#ffbb9e,255,187,158
coral-sands,Coral Sands,#edaa86,237,170,134
apricot-wash,Apricot Wash,#fbac82,251,172,130
canyon-sunset,Canyon Sunset,#e1927a,225,146,122
brandied-melon,Brandied Melon,#ce7b5b,206,123,91
carnelian,Carnelian ,#ce785d,206,120,93
mango,Mango ,#b75e41,183,94,65
peach,Peach ,#f2a987,242,169,135
cantaloupe,Cantaloupe ,#ffa177,255,161,119
coral-reef,Coral Reef,#faa181,250,161,129
shell-coral,Shell Coral,#ea9575,234,149,117
cadmium-orange,Cadmium Orange,#f99471,249,148,113
melon,Melon ,#fe8863,254,136,99
dusty-orange,Dusty Orange,#e27a53,226,122,83
arabesque,Arabesque ,#d16f52,209,111,82
langoustino,Langoustino ,#ca6c56,202,108,86
ginger,Ginger ,#c96551,201,101,81
flamingo,Flamingo ,#df7253,223,114,83
orange-rust,Orange Rust,#c25a3c,194,90,60
burnt-ochre,Burnt Ochre,#bb4f35,187,79,53
chili,Chili ,#be5141,190,81,65
ginger-spice,Ginger Spice,#b65d48,182,93,72
autumn-glaze,Autumn Glaze,#b3573f,179,87,63
auburn,Auburn ,#a15843,161,88,67
picante,Picante ,#8d3f2d,141,63,45
tandori-spice,Tandori Spice,#9f4440,159,68,64
cinnabar,Cinnabar ,#9c453b,156,69,59
bossa-nova,Bossa Nova,#973a36,151,58,54
tropical-peach,Tropical Peach,#ffc4b2,255,196,178
peach-parfait,Peach Parfait,#f8bfa8,248,191,168
coral-pink,Coral Pink,#e8a798,232,167,152
dusty-pink,Dusty Pink,#deaa9b,222,170,155
muted-clay,Muted Clay,#d29380,210,147,128
shrimp,Shrimp ,#e29a86,226,154,134
tawny-orange,Tawny Orange,#d37f6f,211,127,111
coral-haze,Coral Haze,#e38e84,227,142,132
canyon-clay,Canyon Clay,#ce8477,206,132,119
terra-cotta,Terra Cotta,#d38377,211,131,119
desert-sand,Desert Sand,#bd7b74,189,123,116
light-mahogany,Light Mahogany,#ad6d68,173,109,104
cedar-wood,Cedar Wood,#a1655b,161,101,91
withered-rose,Withered Rose,#a26666,162,102,102
rose-dawn,Rose Dawn,#c2877b,194,135,123
ash-rose,Ash Rose,#b5817d,181,129,125
old-rose,Old Rose,#b47b77,180,123,119
brick-dust,Brick Dust,#b07069,176,112,105
canyon-rose,Canyon Rose,#af6c67,175,108,103
dusty-cedar,Dusty Cedar,#ad5d5d,173,93,93
marsala,Marsala ,#964f4c,150,79,76
apricot-brandy,Apricot Brandy,#c26a5a,194,106,90
aragon,Aragon ,#b06455,176,100,85
hot-sauce,Hot Sauce,#ab4f41,171,79,65
bruschetta,Bruschetta ,#a75949,167,89,73
etruscan-red,Etruscan Red,#a2574b,162,87,75
redwood,Redwood ,#a6594c,166,89,76
burnt-brick,Burnt Brick,#a14d3a,161,77,58
faded-rose,Faded Rose,#bf6464,191,100,100
baked-apple,Baked Apple,#b34646,179,70,70
pompeian-red,Pompeian Red,#a4292e,164,41,46
ketchup,Ketchup ,#9a382d,154,56,45
red-ochre,Red Ochre,#913832,145,56,50
barn-red,Barn Red,#8f423b,143,66,59
burnt-henna,Burnt Henna,#7e392f,126,57,47
peach-pearl,Peach Pearl,#ffb2a5,255,178,165
peach-melba,Peach Melba,#fbbdaf,251,189,175
apricot-blush,Apricot Blush,#feaea5,254,174,165
peach-bud,Peach Bud,#fdb2ab,253,178,171
coral-almond,Coral Almond,#e29d94,226,157,148
lobster-bisque,Lobster Bisque,#dd9289,221,146,137
lantana,Lantana ,#da7e7a,218,126,122
peach-nectar,Peach Nectar,#ffb59b,255,181,155
salmon,Salmon ,#faaa94,250,170,148
peach-amber,Peach Amber,#fb9f93,251,159,147
desert-flower,Desert Flower,#ff9687,255,150,135
peach-pink,Peach Pink,#fa9a85,250,154,133
burnt-coral,Burnt Coral,#e9897e,233,137,126
crabapple,Crabapple ,#d77e70,215,126,112
papaya-punch,Papaya Punch,#fca289,252,162,137
fusion-coral,Fusion Coral,#ff8576,255,133,118
fresh-salmon,Fresh Salmon,#ff7f6a,255,127,106
persimmon,Persimmon ,#f67866,246,120,102
coral,Coral ,#ed7464,237,116,100
living-coral,Living Coral,#ff6f61,255,111,97
hot-coral,Hot Coral,#f35b53,243,91,83
shell-pink,Shell Pink,#f88180,248,129,128
georgia-peach,Georgia Peach,#f97272,249,114,114
sugar-coral,Sugar Coral,#f56c73,245,108,115
dubarry,Dubarry ,#f25f66,242,95,102
porcelain-rose,Porcelain Rose,#ea6b6a,234,107,106
spiced-coral,Spiced Coral,#d75c5d,215,92,93
deep-sea-coral,Deep Sea-Coral,#d9615b,217,97,91
rose-of-sharon,Rose Of-Sharon,#dc5b62,220,91,98
cayenne,Cayenne ,#e04951,224,73,81
hibiscus,Hibiscus ,#dd3848,221,56,72
poinsettia,Poinsettia ,#cb3441,203,52,65
chrysanthemum,Chrysanthemum ,#be454f,190,69,79
cranberry,Cranberry ,#bb4a4d,187,74,77
cardinal,Cardinal ,#ad3e48,173,62,72
tigerlily,Tigerlily ,#e2583e,226,88,62
grenadine,Grenadine ,#df3f32,223,63,50
mandarin-red,Mandarin Red,#e74a33,231,74,51
fiesta,Fiesta ,#dd4132,221,65,50
cherry-tomato,Cherry Tomato,#eb3c27,235,60,39
orange-com,Orange Com,#da321c,218,50,28
spicy-orange,Spicy Orange,#d73c26,215,60,38
camellia,Camellia ,#f6745f,246,116,95
nasturtium,Nasturtium ,#fe6347,254,99,71
emberglow,Emberglow ,#ea6759,234,103,89
burnt-sienna,Burnt Sienna,#c65d52,198,93,82
paprika,Paprika ,#ce4d42,206,77,66
red-clay,Red Clay,#c2452d,194,69,45
molten-lava,Molten Lava,#b5332e,181,51,46
bittersweet,Bittersweet ,#d93744,217,55,68
poppy-red,Poppy Red,#dc343b,220,52,59
tomato,Tomato ,#ce2939,206,41,57
fiery-red,Fiery Red,#d01c1f,208,28,31
flame-scarlet,Flame Scarlet,#cd212a,205,33,42
high-risk-red,High Risk-Red,#c71f2d,199,31,45
aurora-red,Aurora Red,#b93a32,185,58,50
rococco-red,Rococco Red,#bb363f,187,54,63
tomato-puree,Tomato Puree,#c53346,197,51,70
lollipop,Lollipop ,#cc1c3b,204,28,59
ski-patrol,Ski Patrol,#bb1237,187,18,55
scarlet,Scarlet ,#bc2b3d,188,43,61
lipstick-red,Lipstick Red,#b31a38,179,26,56
crimson,Crimson ,#ae0e36,174,14,54
racing-red,Racing Red,#bd162c,189,22,44
mars-red,Mars Red,#bc2731,188,39,49
tango-red,Tango Red,#ac0e2e,172,14,46
chinese-red,Chinese Red,#be132d,190,19,45
ribbon-red,Ribbon Red,#b92636,185,38,54
true-red,True Red,#bf1932,191,25,50
chili-pepper,Chili Pepper,#9b1b30,155,27,48
quartz-pink,Quartz Pink,#efa6aa,239,166,170
pink-icing,Pink Icing,#eea0a6,238,160,166
blossom,Blossom ,#f2b2ae,242,178,174
peaches-n-cream,Peaches N-Cream,#f4a6a3,244,166,163
candlelight-peach,Candlelight Peach,#f8a39d,248,163,157
strawberry-ice,Strawberry Ice,#e78b90,231,139,144
peach-blossom,Peach Blossom,#de8286,222,130,134
flamingo-pink,Flamingo Pink,#f7969e,247,150,158
confetti,Confetti ,#e6798e,230,121,142
bubblegum,Bubblegum ,#ea738d,234,115,141
pink-lemonade,Pink Lemonade,#ee6d8a,238,109,138
camellia-rose,Camellia Rose,#eb6081,235,96,129
rapture-rose,Rapture Rose,#d16277,209,98,119
desert-rose,Desert Rose,#cf6977,207,105,119
geranium-pink,Geranium Pink,#f6909d,246,144,157
conch-shell,Conch Shell,#fc8f9b,252,143,155
salmon-rose,Salmon Rose,#ff8d94,255,141,148
strawberry-pink,Strawberry Pink,#f57f8e,245,127,142
sunkist-coral,Sunkist Coral,#ea6676,234,102,118
calypso-coral,Calypso Coral,#ee5c6c,238,92,108
tea-rose,Tea Rose,#dc7178,220,113,120
geranium,Geranium ,#da3d58,218,61,88
paradise-pink,Paradise Pink,#e4445e,228,68,94
teaberry,Teaberry ,#dc3855,220,56,85
rouge-red,Rouge Red,#e24666,226,70,102
raspberry,Raspberry ,#d32e5e,211,46,94
azalea,Azalea ,#d42e5b,212,46,91
virtual-pink,Virtual Pink,#c6174e,198,23,78
claret-red,Claret Red,#c84c61,200,76,97
raspberry-wine,Raspberry Wine,#b63753,182,55,83
rose-red,Rose Red,#c92351,201,35,81
barberry,Barberry ,#bf1945,191,25,69
bright-rose,Bright Rose,#c51959,197,25,89
persian-red,Persian Red,#a21441,162,20,65
cerise,Cerise ,#a41247,164,18,71
pink-lady,Pink Lady,#efc1d6,239,193,214
lilac-sachet,Lilac Sachet,#e9adca,233,173,202
prism-pink,Prism Pink,#f0a1bf,240,161,191
begonia-pink,Begonia Pink,#ec9abe,236,154,190
fuchsia-pink,Fuchsia Pink,#df88b7,223,136,183
rosebloom,Rosebloom ,#e290b2,226,144,178
ibis-rose,Ibis Rose,#ca628f,202,98,143
sachet-pink,Sachet Pink,#f18aad,241,138,173
wild-orchid,Wild Orchid,#d979a2,217,121,162
aurora-pink,Aurora Pink,#e881a6,232,129,166
chateau-rose,Chateau Rose,#d2738f,210,115,143
morning-glory,Morning Glory,#ee819f,238,129,159
azalea-pink,Azalea Pink,#e96a97,233,106,151
shocking-pink,Shocking Pink,#de5b8c,222,91,140
hot-pink,Hot Pink,#e55982,229,89,130
fandango-pink,Fandango Pink,#e04f80,224,79,128
honeysuckle,Honeysuckle ,#d94f70,217,79,112
raspberry-sorbet,Raspberry Sorbet,#d2386c,210,56,108
carmine,Carmine ,#bc4869,188,72,105
fuchsia-rose,Fuchsia Rose,#c74375,199,67,117
beetroot-purple,Beetroot Purple,#cf2d71,207,45,113
pink-carnation,Pink Carnation,#ed7a9e,237,122,158
carmine-rose,Carmine Rose,#e35b8f,227,91,143
magenta,Magenta ,#d23c77,210,60,119
pink-flambe,Pink Flambe,#d3507a,211,80,122
fuchsia-purple,Fuchsia Purple,#d33479,211,52,121
lilac-rose,Lilac Rose,#bd4275,189,66,117
very-berry,Very Berry,#b73275,183,50,117
super-pink,Super Pink,#ce6ba4,206,107,164
phlox-pink,Phlox Pink,#ce5e9a,206,94,154
raspberry-rose,Raspberry Rose,#cc4385,204,67,133
rose-violet,Rose Violet,#c0428a,192,66,138
fuchsia-red,Fuchsia Red,#ab3475,171,52,117
cactus-flower,Cactus Flower,#a83e6c,168,62,108
magenta-haze,Magenta Haze,#9d446e,157,68,110
shrinking-violet,Shrinking Violet,#f4e1e6,244,225,230
primrose-pink,Primrose Pink,#eed4d9,238,212,217
silver-pink,Silver Pink,#dcb1af,220,177,175
powder-pink,Powder Pink,#ecb2b3,236,178,179
mauveglow,Mauveglow ,#d18489,209,132,137
brandied-apricot,Brandied Apricot,#ca848a,202,132,138
dusty-rose,Dusty Rose,#ba797d,186,121,125
mauve-morn,Mauve Morn,#ecd6d6,236,214,214
mauve-chalk,Mauve Chalk,#e5d0cf,229,208,207
pearl,Pearl ,#f9dbd8,249,219,216
bridal-rose,Bridal Rose,#d69fa2,214,159,162
blush,Blush ,#d1969a,209,150,154
baroque-rose,Baroque Rose,#b35a66,179,90,102
slate-rose,Slate Rose,#b45865,180,88,101
mineral-red,Mineral Red,#b35457,179,84,87
garnet-rose,Garnet Rose,#ac4b55,172,75,85
holly-berry,Holly Berry,#b44e5d,180,78,93
american-beauty,American Beauty,#a73340,167,51,64
jester-red,Jester Red,#9e1030,158,16,48
rio-red,Rio Red,#8a2232,138,34,50
rumba-red,Rumba Red,#7c2439,124,36,57
earth-red,Earth Red,#95424e,149,66,78
deep-claret,Deep Claret,#973443,151,52,67
garnet,Garnet ,#953640,149,54,64
brick-red,Brick Red,#8c373e,140,55,62
rosewood,Rosewood ,#813639,129,54,57
tibetan-red,Tibetan Red,#782a39,120,42,57
biking-red,Biking Red,#77212e,119,33,46
apple-butter,Apple Butter,#844b4d,132,75,77
oxblood-red,Oxblood Red,#70393f,112,57,63
cowhide,Cowhide ,#884344,136,67,68
burnt-russet,Burnt Russet,#7e3940,126,57,64
ruby-wine,Ruby Wine,#77333b,119,51,59
cordovan,Cordovan ,#702f3b,112,47,59
tawny-port,Tawny Port,#5c2c35,92,44,53
creole-pink,Creole Pink,#f7d5cc,247,213,204
peach-blush,Peach Blush,#e4ccc6,228,204,198
cloud-pink,Cloud Pink,#f5d1c8,245,209,200
veiled-rose,Veiled Rose,#f8cdc9,248,205,201
pearl-blush,Pearl Blush,#f4cec5,244,206,197
english-rose,English Rose,#f4c6c3,244,198,195
lotus,Lotus ,#e2c1c0,226,193,192
rosewater,Rosewater ,#f6dbd8,246,219,216
peach-whip,Peach Whip,#dbbeb7,219,190,183
rose-smoke,Rose Smoke,#d3b4ad,211,180,173
coral-cloud,Coral Cloud,#e2a9a1,226,169,161
misty-rose,Misty Rose,#caa39a,202,163,154
peach-beige,Peach Beige,#d3a297,211,162,151
cameo-brown,Cameo Brown,#c08a80,192,138,128
seashell-pink,Seashell Pink,#f7c8c2,247,200,194
chintz-rose,Chintz Rose,#eec4be,238,196,190
impatiens-pink,Impatiens Pink,#ffc4bc,255,196,188
peachskin,Peachskin ,#dfb8b6,223,184,182
mellow-rose,Mellow Rose,#d9a6a1,217,166,161
rose-tan,Rose Tan,#d19c97,209,156,151
rosette,Rosette ,#ce8e8b,206,142,139
mauvewood,Mauvewood ,#a75d67,167,93,103
rose-wine,Rose Wine,#a4596d,164,89,109
malaga,Malaga ,#9f5069,159,80,105
dry-rose,Dry Rose,#8c4759,140,71,89
hawthorn-rose,Hawthorn Rose,#884c5e,136,76,94
maroon,Maroon ,#834655,131,70,85
wild-ginger,Wild Ginger,#7c4c53,124,76,83
sangria,Sangria ,#982551,152,37,81
red-bud,Red Bud,#962d49,150,45,73
beaujolais,Beaujolais ,#80304c,128,48,76
anemone,Anemone ,#842c48,132,44,72
beet-red,Beet Red,#7a1f3d,122,31,61
red-plum,Red Plum,#7c2946,124,41,70
rhododendron,Rhododendron ,#722b3f,114,43,63
barely-pink,Barely Pink,#f8d7dd,248,215,221
blushing-bride,Blushing Bride,#fbd3d9,251,211,217
cradle-pink,Cradle Pink,#edd0dd,237,208,221
pale-lilac,Pale Lilac,#e1c6cc,225,198,204
chalk-pink,Chalk Pink,#e6c5ca,230,197,202
light-lilac,Light Lilac,#dec6d3,222,198,211
pink-nectar,Pink Nectar,#d8aab7,216,170,183
heavenly-pink,Heavenly Pink,#f4dede,244,222,222
potpourri,Potpourri ,#e7c9ca,231,201,202
crystal-pink,Crystal Pink,#edd0ce,237,208,206
pink-dogwood,Pink Dogwood,#f7d1d1,247,209,209
crystal-rose,Crystal Rose,#fdc3c6,253,195,198
strawberry-cream,Strawberry Cream,#f4c3c4,244,195,196
gossamer-pink,Gossamer Pink,#fac8c3,250,200,195
rose-shadow,Rose Shadow,#f9c2cd,249,194,205
orchid-pink,Orchid Pink,#f3bbca,243,187,202
almond-blossom,Almond Blossom,#f5bec7,245,190,199
coral-blush,Coral Blush,#e6b2b8,230,178,184
candy-pink,Candy Pink,#f5b0bd,245,176,189
peony,Peony ,#ed9ca8,237,156,168
sea-pink,Sea Pink,#de98ab,222,152,171
cashmere-rose,Cashmere Rose,#ce879f,206,135,159
wild-rose,Wild Rose,#ce8498,206,132,152
orchid-smoke,Orchid Smoke,#d294aa,210,148,170
polignac,Polignac ,#c28799,194,135,153
lilas,Lilas ,#b88995,184,137,149
mauve-orchid,Mauve Orchid,#b58299,181,130,153
orchid-haze,Orchid Haze,#b0879b,176,135,155
parfait-pink,Parfait Pink,#e9c3cf,233,195,207
pink-mist,Pink Mist,#e6bccd,230,188,205
cameo-pink,Cameo Pink,#dba9b8,219,169,184
sweet-lilac,Sweet Lilac,#e8b5ce,232,181,206
pink-lavender,Pink Lavender,#d9afca,217,175,202
pastel-lavender,Pastel Lavender,#d8a1c4,216,161,196
orchid,Orchid ,#d198c5,209,152,197
lilac-chiffon,Lilac Chiffon,#de9bc4,222,155,196
moonlite-mauve,Moonlite Mauve,#d28fb0,210,143,176
cyclamen,Cyclamen ,#d687ba,214,135,186
opera-mauve,Opera Mauve,#ca80b1,202,128,177
crocus,Crocus ,#c67fae,198,127,174
mulberry,Mulberry ,#a76c97,167,108,151
striking-purple,Striking Purple,#944e87,148,78,135
violet,Violet ,#c17fb5,193,127,181
iris-orchid,Iris Orchid,#a767a2,167,103,162
radiant-orchid,Radiant Orchid,#ad5e99,173,94,153
spring-crocus,Spring Crocus,#ba69a1,186,105,161
meadow-mauve,Meadow Mauve,#a9568c,169,86,140
amethyst,Amethyst ,#864d75,134,77,117
magenta-purple,Magenta Purple,#6b264b,107,38,75
rosebud,Rosebud ,#b65f9a,182,95,154
purple-orchid,Purple Orchid,#ad4d8c,173,77,140
festival-fuchsia,Festival Fuchsia,#9e2c6a,158,44,106
baton-rouge,Baton Rouge,#973c6c,151,60,108
boysenberry,Boysenberry ,#85325c,133,50,92
raspberry-radiance,Raspberry Radiance,#802a50,128,42,80
purple-potion,Purple Potion,#692746,105,39,70
dahlia-mauve,Dahlia Mauve,#a64f82,166,79,130
vivid-viola,Vivid Viola,#993c7c,153,60,124
wild-aster,Wild Aster,#92316f,146,49,111
deep-orchid,Deep Orchid,#903f75,144,63,117
clover,Clover ,#8a3371,138,51,113
purple-wine,Purple Wine,#8c3573,140,53,115
hollyhock,Hollyhock ,#823270,130,50,112
hyacinth-violet,Hyacinth Violet,#8d4687,141,70,135
dahlia,Dahlia ,#843e83,132,62,131
sparkling-grape,Sparkling Grape,#773376,119,51,118
byzantium,Byzantium ,#853b7b,133,59,123
phlox,Phlox ,#692d5d,105,45,93
grape-juice,Grape Juice,#682961,104,41,97
gloxinia,Gloxinia ,#622e5a,98,46,90
crystal-gray,Crystal Gray,#d7cbc4,215,203,196
mushroom,Mushroom ,#bdaca3,189,172,163
shadow-gray,Shadow Gray,#bba5a0,187,165,160
sphinx,Sphinx ,#ab9895,171,152,149
bark,Bark ,#a99592,169,149,146
fawn,Fawn ,#ae9490,174,148,144
adobe-rose,Adobe Rose,#ba9f99,186,159,153
pale-mauve,Pale Mauve,#c6a4a4,198,164,164
woodrose,Woodrose ,#ae8c8e,174,140,142
deauville-mauve,Deauville Mauve,#af9294,175,146,148
twilight-mauve,Twilight Mauve,#8b6f70,139,111,112
rose-taupe,Rose Taupe,#806062,128,96,98
rose-brown,Rose Brown,#80565b,128,86,91
roan-rouge,Roan Rouge,#885157,136,81,87
antler,Antler ,#957a76,149,122,118
peppercorn,Peppercorn ,#6c5656,108,86,86
raisin,Raisin ,#524144,82,65,68
huckleberry,Huckleberry ,#5b4349,91,67,73
catawba-grape,Catawba Grape,#5d3c43,93,60,67
puce,Puce ,#503938,80,57,56
fudge,Fudge ,#493338,73,51,56
mahogany-rose,Mahogany Rose,#c5a193,197,161,147
burlwood,Burlwood ,#9b716b,155,113,107
marron,Marron ,#6e4c4b,110,76,75
decadent-chocolate,Decadent Chocolate,#513235,81,50,53
red-mahogany,Red Mahogany,#60373d,96,55,61
vineyard-wine,Vineyard Wine,#58363d,88,54,61
winetasting,Winetasting ,#492a34,73,42,52
port,Port ,#663336,102,51,54
chocolate-truffle,Chocolate Truffle,#612e35,97,46,53
burgundy,Burgundy ,#64313e,100,49,62
zinfandel,Zinfandel ,#5c2935,92,41,53
windsor-wine,Windsor Wine,#582b36,88,43,54
port-royale,Port Royale,#502b33,80,43,51
fig,Fig ,#532d3b,83,45,59
violet-ice,Violet Ice,#c2acb1,194,172,177
burnished-lilac,Burnished Lilac,#c5aeb1,197,174,177
keepsake-lilac,Keepsake Lilac,#c0a5ae,192,165,174
mauve-shadows,Mauve Shadows,#b598a3,181,152,163
dawn-pink,Dawn Pink,#bfa3af,191,163,175
fragrant-lilac,Fragrant Lilac,#ceadbe,206,173,190
mauve-mist,Mauve Mist,#c49bd4,196,155,212
heather-rose,Heather Rose,#ad6d7f,173,109,127
red-violet,Red Violet,#a35776,163,87,118
mellow-mauve,Mellow Mauve,#996378,153,99,120
bordeaux,Bordeaux ,#96637b,150,99,123
violet-quartz,Violet Quartz,#8b4963,139,73,99
damson,Damson ,#854c65,133,76,101
amaranth,Amaranth ,#6f3c56,111,60,86
zephyr,Zephyr ,#c89fa5,200,159,165
dusky-orchid,Dusky Orchid,#9a7182,154,113,130
grape-shake,Grape Shake,#886971,136,105,113
wistful-mauve,Wistful Mauve,#946c74,148,108,116
tulipwood,Tulipwood ,#805466,128,84,102
grape-nectar,Grape Nectar,#8d5c74,141,92,116
argyle-purple,Argyle Purple,#895c79,137,92,121
nostalgia-rose,Nostalgia Rose,#a4777e,164,119,126
deco-rose,Deco Rose,#985f68,152,95,104
renaissance-rose,Renaissance Rose,#865560,134,85,96
nocturne,Nocturne ,#7a4b56,122,75,86
crushed-berry,Crushed Berry,#804f5a,128,79,90
crushed-violets,Crushed Violets,#643a4c,100,58,76
mauve-wine,Mauve Wine,#5b3644,91,54,68
plum-wine,Plum Wine,#674550,103,69,80
eggplant,Eggplant ,#613f4c,97,63,76
prune,Prune ,#603749,96,55,73
prune-purple,Prune Purple,#5c3a4d,92,58,77
grape-wine,Grape Wine,#5a2f43,90,47,67
italian-plum,Italian Plum,#533146,83,49,70
potent-purple,Potent Purple,#462639,70,38,57
lavender-herb,Lavender Herb,#b18eaa,177,142,170
lavender-mist,Lavender Mist,#ae90a7,174,144,167
valerian,Valerian ,#9f7a93,159,122,147
very-grape,Very Grape,#927288,146,114,136
grapeade,Grapeade ,#85677b,133,103,123
purple-gumdrop,Purple Gumdrop,#7a596f,122,89,111
berry-conserve,Berry Conserve,#765269,118,82,105
chinese-violet,Chinese Violet,#835e81,131,94,129
crushed-grape,Crushed Grape,#7a547f,122,84,127
concord-grape,Concord Grape,#7c5379,124,83,121
sunset-purple,Sunset Purple,#6f456e,111,69,110
wood-violet,Wood Violet,#75406a,117,64,106
purple-passion,Purple Passion,#683d62,104,61,98
dark-purple,Dark Purple,#582147,88,33,71
grape-jam,Grape Jam,#725671,114,86,113
deep-purple,Deep Purple,#50314c,80,49,76
wineberry,Wineberry ,#5a395b,90,57,91
grape-royale,Grape Royale,#4f2d54,79,45,84
plum-purple,Plum Purple,#51304e,81,48,78
hortensia,Hortensia ,#553b50,85,59,80
blackberry-wine,Blackberry Wine,#4d3246,77,50,70
navy-cosmos,Navy Cosmos,#503b53,80,59,83
indigo,Indigo ,#4c3957,76,57,87
purple-pennant,Purple Pennant,#432c47,67,44,71
plum-perfect,Plum Perfect,#473442,71,52,66
sweet-grape,Sweet Grape,#4b3b4f,75,59,79
shadow-purple,Shadow Purple,#4e334e,78,51,78
blackberry-cordial,Blackberry Cordial,#3f2a47,63,42,71
purple-reign,Purple Reign,#56456b,86,69,107
mulberry-purple,Mulberry Purple,#493c62,73,60,98
gothic-grape,Gothic Grape,#473951,71,57,81
grape,Grape ,#433455,67,52,85
mysterioso,Mysterioso ,#46394b,70,57,75
purple-velvet,Purple Velvet,#41354d,65,53,77
nightshade,Nightshade ,#433748,67,55,72
orchid-tint,Orchid Tint,#dbd2db,219,210,219
lilac-ash,Lilac Ash,#d7cdcd,215,205,205
gray-lilac,Gray Lilac,#d4cacd,212,202,205
hushed-violet,Hushed Violet,#d1c0bf,209,192,191
cloud-gray,Cloud Gray,#b7a9ac,183,169,172
quail,Quail ,#98868c,152,134,140
nirvana,Nirvana ,#a2919b,162,145,155
orchid-hush,Orchid Hush,#cec3d2,206,195,210
iris,Iris ,#baafbc,186,175,188
sea-fog,Sea Fog,#a5929d,165,146,157
elderberry,Elderberry ,#9d848e,157,132,142
black-plum,Black Plum,#6c5765,108,87,101
flint,Flint ,#705861,112,88,97
sassafras,Sassafras ,#54353b,84,53,59
evening-haze,Evening Haze,#bdb8c7,189,184,199
thistle,Thistle ,#b9b3c5,185,179,197
lavender-gray,Lavender Gray,#9890a2,152,144,162
minimal-gray,Minimal Gray,#948d99,148,141,153
purple-ash,Purple Ash,#8f8395,143,131,149
gray-ridge,Gray Ridge,#847986,132,121,134
purple-sage,Purple Sage,#75697e,117,105,126
heirloom-lilac,Heirloom Lilac,#9d96b2,157,150,178
wisteria,Wisteria ,#a198af,161,152,175
dusk,Dusk ,#897f98,137,127,152
daybreak,Daybreak ,#8981a0,137,129,160
cadet,Cadet ,#6a6378,106,99,120
mulled-grape,Mulled Grape,#675a74,103,90,116
purple-plumeria,Purple Plumeria,#473854,71,56,84
lilac-marble,Lilac Marble,#c3babf,195,186,191
ashes-of-roses,Ashes Of-Roses,#b5acab,181,172,171
gull-gray,Gull Gray,#a49ca0,164,156,160
zinc,Zinc ,#92898a,146,137,138
gull,Gull ,#918c8f,145,140,143
shark,Shark ,#6d636b,109,99,107
sparrow,Sparrow ,#69595c,105,89,92
orchid-ice,Orchid Ice,#e0d0db,224,208,219
lilac-snow,Lilac Snow,#e0c7d7,224,199,215
winsome-orchid,Winsome Orchid,#d4b9cb,212,185,203
fair-orchid,Fair Orchid,#c0aac0,192,170,192
lavender-frost,Lavender Frost,#bdabbe,189,171,190
orchid-petal,Orchid Petal,#bfb4cb,191,180,203
pastel-lilac,Pastel Lilac,#bdb0d0,189,176,208
orchid-bloom,Orchid Bloom,#c5aecf,197,174,207
orchid-bouquet,Orchid Bouquet,#d1acce,209,172,206
lupine,Lupine ,#be9cc1,190,156,193
violet-tulle,Violet Tulle,#c193c0,193,147,192
sheer-lilac,Sheer Lilac,#b793c0,183,147,192
african-violet,African Violet,#b085b7,176,133,183
dusty-lavender,Dusty Lavender,#a1759c,161,117,156
paisley-purple,Paisley Purple,#8b79b1,139,121,177
hyacinth,Hyacinth ,#936ca7,147,108,167
amethyst-orchid,Amethyst Orchid,#926aa6,146,106,166
dewberry,Dewberry ,#8b5987,139,89,135
purple-heart,Purple Heart,#745587,116,85,135
meadow-violet,Meadow Violet,#764f82,118,79,130
royal-purple,Royal Purple,#603f83,96,63,131
deep-lavender,Deep Lavender,#775496,119,84,150
royal-lilac,Royal Lilac,#774d8e,119,77,142
pansy,Pansy ,#653d7c,101,61,124
bright-violet,Bright Violet,#784384,120,67,132
amaranth-purple,Amaranth Purple,#6a397b,106,57,123
purple-magic,Purple Magic,#663271,102,50,113
plum,Plum ,#5a315d,90,49,93
imperial-palace,Imperial Palace,#604e7a,96,78,122
patrician-purple,Patrician Purple,#6c4e79,108,78,121
loganberry,Loganberry ,#5a4769,90,71,105
majesty,Majesty ,#593761,89,55,97
imperial-purple,Imperial Purple,#542c5d,84,44,93
crown-jewel,Crown Jewel,#482d54,72,45,84
parachute-purple,Parachute Purple,#392852,57,40,82
lavender-fog,Lavender Fog,#d2c4d6,210,196,214
lavendula,Lavendula ,#bca4cb,188,164,203
lavender,Lavender ,#afa4ce,175,164,206
bougainvillea,Bougainvillea ,#9884b9,152,132,185
violet-tulip,Violet Tulip,#9e91c3,158,145,195
chalk-violet,Chalk Violet,#8f7da5,143,125,165
purple-haze,Purple Haze,#807396,128,115,150
smoky-grape,Smoky Grape,#b88aac,184,138,172
regal-orchid,Regal Orchid,#a98baf,169,139,175
viola,Viola ,#a692ba,166,146,186
orchid-mist,Orchid Mist,#917798,145,119,152
grape-compote,Grape Compote,#6b5876,107,88,118
montana-grape,Montana Grape,#6c5971,108,89,113
vintage-violet,Vintage Violet,#634f62,99,79,98
aster-purple,Aster Purple,#7d74a8,125,116,168
dahlia-purple,Dahlia Purple,#7e6eac,126,110,172
passion-flower,Passion Flower,#6d5698,109,86,152
ultra-violet,Ultra Violet,#5f4b8b,95,75,139
prism-violet,Prism Violet,#53357d,83,53,125
heliotrope,Heliotrope ,#4f3872,79,56,114
petunia,Petunia ,#4f3466,79,52,102
corsican-blue,Corsican Blue,#646093,100,96,147
veronica,Veronica ,#6d6695,109,102,149
blue-iris,Blue Iris,#5a5b9f,90,91,159
purple-opulence,Purple Opulence,#60569a,96,86,154
gentian-violet,Gentian Violet,#544275,84,66,117
liberty,Liberty ,#4d448a,77,68,138
deep-blue,Deep Blue,#44377d,68,55,125
bleached-denim,Bleached Denim,#646f9b,100,111,155
heron,Heron ,#62617e,98,97,126
skipper-blue,Skipper Blue,#484a72,72,74,114
navy-blue,Navy Blue,#403f6f,64,63,111
deep-wisteria,Deep Wisteria,#443f6f,68,63,111
blue-ribbon,Blue Ribbon,#3a395f,58,57,95
astral-aura,Astral Aura,#363151,54,49,81
lilac-hint,Lilac Hint,#d0d0da,208,208,218
misty-lilac,Misty Lilac,#bcb4c4,188,180,196
lavender-blue,Lavender Blue,#c5c0d0,197,192,208
purple-heather,Purple Heather,#bab8d3,186,184,211
cosmic-sky,Cosmic Sky,#aaaac4,170,170,196
languid-lavender,Languid Lavender,#a2a1ba,162,161,186
dapple-gray,Dapple Gray,#9c9ba7,156,155,167
sweet-lavender,Sweet Lavender,#9a9bc1,154,155,193
easter-egg,Easter Egg,#919bc9,145,155,201
jacaranda,Jacaranda ,#848dc5,132,141,197
deep-periwinkle,Deep Periwinkle,#7c83bc,124,131,188
dusted-peri,Dusted Peri,#696ba0,105,107,160
violet-storm,Violet Storm,#5c619d,92,97,157
baja-blue,Baja Blue,#5f6db0,95,109,176
thistle-down,Thistle Down,#9499bb,148,153,187
persian-violet,Persian Violet,#8c8eb2,140,142,178
twilight-purple,Twilight Purple,#66648b,102,100,139
orient-blue,Orient Blue,#47457a,71,69,122
clematis-blue,Clematis Blue,#363b7c,54,59,124
royal-blue,Royal Blue,#3d428b,61,66,139
spectrum-blue,Spectrum Blue,#3d3c7c,61,60,124
lavender-violet,Lavender Violet,#767ba5,118,123,165
blue-ice,Blue Ice,#70789b,112,120,155
velvet-morning,Velvet Morning,#60688d,96,104,141
marlin,Marlin ,#515b87,81,91,135
blueprint,Blueprint ,#2d3359,45,51,89
blue-depths,Blue Depths,#263056,38,48,86
medieval-blue,Medieval Blue,#29304e,41,48,78
lavender-aura,Lavender Aura,#9f99aa,159,153,170
stonewash,Stonewash ,#74809a,116,128,154
nightshadow-blue,Nightshadow Blue,#4e5368,78,83,104
blue-indigo,Blue Indigo,#49516d,73,81,109
graystone,Graystone ,#4d495b,77,73,91
crown-blue,Crown Blue,#464b65,70,75,101
deep-cobalt,Deep Cobalt,#404466,64,68,102
arctic-ice,Arctic Ice,#bfc7d6,191,199,214
gray-dawn,Gray Dawn,#bbc1cc,187,193,204
heather,Heather ,#b7c0d6,183,192,214
eventide,Eventide ,#959eb7,149,158,183
silver-lake-blue,Silver Lake-Blue,#618bb9,97,139,185
blue-bonnet,Blue Bonnet,#6384b8,99,132,184
blue-yonder,Blue Yonder,#5a77a8,90,119,168
lavender-lustre,Lavender Lustre,#8c9cc1,140,156,193
purple-impression,Purple Impression,#858fb1,133,143,177
grapemist,Grapemist ,#8398ca,131,152,202
vista-blue,Vista Blue,#81a0d4,129,160,212
cornflower-blue,Cornflower Blue,#7391c8,115,145,200
persian-jewel,Persian Jewel,#6e81be,110,129,190
wedgewood,Wedgewood ,#6479b3,100,121,179
skyway,Skyway ,#adbed3,173,190,211
cashmere-blue,Cashmere Blue,#a5b8d0,165,184,208
blue-bell,Blue Bell,#93b4d7,147,180,215
placid-blue,Placid Blue,#8cadd3,140,173,211
della-robbia-blue,Della Robbia-Blue,#7a9dcb,122,157,203
provence,Provence ,#658dc6,101,141,198
ultramarine,Ultramarine ,#5b7ebd,91,126,189
allure,Allure ,#7291b4,114,145,180
colony-blue,Colony Blue,#65769a,101,118,154
moonlight-blue,Moonlight Blue,#506886,80,104,134
dutch-blue,Dutch Blue,#4a638d,74,99,141
delft,Delft ,#3d5e8c,61,94,140
limoges,Limoges ,#243f6c,36,63,108
estate-blue,Estate Blue,#233658,35,54,88
infinity,Infinity ,#6e7e99,110,126,153
bijou-blue,Bijou Blue,#4e5e7f,78,94,127
coastal-fjord,Coastal Fjord,#505d7e,80,93,126
true-navy,True Navy,#3f5277,63,82,119
ensign-blue,Ensign Blue,#384c67,56,76,103
dark-denim,Dark Denim,#35465e,53,70,94
insignia-blue,Insignia Blue,#2f3e55,47,62,85
air-blue,Air Blue,#77acc7,119,172,199
heritage-blue,Heritage Blue,#5d96bc,93,150,188
ethereal-blue,Ethereal Blue,#5ca6ce,92,166,206
bonnie-blue,Bonnie Blue,#539ccc,83,156,204
cendre-blue,Cendre Blue,#3e7fa5,62,127,165
parisian-blue,Parisian Blue,#4f7ca4,79,124,164
faience,Faience ,#2a6a8b,42,106,139
alaskan-blue,Alaskan Blue,#6da9d2,109,169,210
little-boy-blue,Little Boy-Blue,#6ea2d5,110,162,213
azure-blue,Azure Blue,#4d91c6,77,145,198
riviera,Riviera ,#5879a2,88,121,162
federal-blue,Federal Blue,#43628b,67,98,139
star-sapphire,Star Sapphire,#386192,56,97,146
bright-cobalt,Bright Cobalt,#385d8d,56,93,141
dusk-blue,Dusk Blue,#7ba0c0,123,160,192
regatta,Regatta ,#487ab7,72,122,183
palace-blue,Palace Blue,#346cb0,52,108,176
strong-blue,Strong Blue,#1f5da0,31,93,160
turkish-sea,Turkish Sea,#195190,25,81,144
olympian-blue,Olympian Blue,#1a4c8b,26,76,139
classic-blue,Classic Blue,#0f4c81,15,76,129
marina,Marina ,#4f84c4,79,132,196
campanula,Campanula ,#3272af,50,114,175
daphne,Daphne ,#0f5f9a,15,95,154
victoria-blue,Victoria Blue,#08589d,8,88,157
snorkel-blue,Snorkel Blue,#034f84,3,79,132
nautical-blue,Nautical Blue,#1a5091,26,80,145
princess-blue,Princess Blue,#00539c,0,83,156
dazzling-blue,Dazzling Blue,#3850a0,56,80,160
amparo-blue,Amparo Blue,#4960a8,73,96,168
deep-ultramarine,Deep Ultramarine,#384883,56,72,131
surf-the-web,Surf The-Web,#203c7f,32,60,127
mazarine-blue,Mazarine Blue,#273c76,39,60,118
true-blue,True Blue,#1e4477,30,68,119
twilight-blue,Twilight Blue,#313d64,49,61,100
kentucky-blue,Kentucky Blue,#a5b3cc,165,179,204
cerulean,Cerulean ,#9bb7d4,155,183,212
powder-blue,Powder Blue,#96b3d2,150,179,210
forever-blue,Forever Blue,#899bb8,137,155,184
tempest,Tempest ,#79839b,121,131,155
country-blue,Country Blue,#717f9b,113,127,155
english-manor,English Manor,#7181a4,113,129,164
illusion-blue,Illusion Blue,#c9d3dc,201,211,220
ballad-blue,Ballad Blue,#c0ceda,192,206,218
baby-blue,Baby Blue,#b5c7d3,181,199,211
celestial-blue,Celestial Blue,#a3b4c4,163,180,196
blue-fog,Blue Fog,#9babbb,155,171,187
flint-stone,Flint Stone,#677283,103,114,131
folkstone-gray,Folkstone Gray,#626879,98,104,121
pearl-blue,Pearl Blue,#b0b7be,176,183,190
monument,Monument ,#84898c,132,137,140
dark-slate,Dark Slate,#46515a,70,81,90
midnight-navy,Midnight Navy,#34414e,52,65,78
total-eclipse,Total Eclipse,#2c313d,44,49,61
blue-graphite,Blue Graphite,#323137,50,49,55
dark-navy,Dark Navy,#232f36,35,47,54
ice-flow,Ice Flow,#c6d2d2,198,210,210
quarry,Quarry ,#98a0a5,152,160,165
griffin,Griffin ,#8d8f8f,141,143,143
dark-shadow,Dark Shadow,#4a4b4d,74,75,77
ombre-blue,Ombre Blue,#434854,67,72,84
india-ink,India Ink,#3c3f4a,60,63,74
ebony,Ebony ,#41424a,65,66,74
patriot-blue,Patriot Blue,#363756,54,55,86
eclipse,Eclipse ,#343148,52,49,72
mood-indigo,Mood Indigo,#353a4c,53,58,76
peacoat,Peacoat ,#2b2e43,43,46,67
black-iris,Black Iris,#2b3042,43,48,66
dress-blues,Dress Blues,#2a3244,42,50,68
blue-nights,Blue Nights,#363b48,54,59,72
angel-falls,Angel Falls,#a3bdd3,163,189,211
dream-blue,Dream Blue,#a0bcd0,160,188,208
ashley-blue,Ashley Blue,#8699ab,134,153,171
dusty-blue,Dusty Blue,#8c9dad,140,157,173
indian-teal,Indian Teal,#3c586b,60,88,107
stargazer,Stargazer ,#39505c,57,80,92
orion-blue,Orion Blue,#3e4f5c,62,79,92
forget-me-not,Forget Me-Not,#8fadbd,143,173,189
faded-denim,Faded Denim,#798ea4,121,142,164
blue-shadow,Blue Shadow,#66829a,102,130,154
coronet-blue,Coronet Blue,#59728e,89,114,142
captains-blue,Captains Blue,#557088,85,112,136
copen-blue,Copen Blue,#516b84,81,107,132
china-blue,China Blue,#546477,84,100,119
adriatic-blue,Adriatic Blue,#5c899b,92,137,155
provincial-blue,Provincial Blue,#5c798e,92,121,142
niagara,Niagara ,#5487a4,84,135,164
blue-heaven,Blue Heaven,#5b7e98,91,126,152
stellar,Stellar ,#46647e,70,100,126
real-teal,Real Teal,#405d73,64,93,115
majolica-blue,Majolica Blue,#274357,39,67,87
starlight-blue,Starlight Blue,#b5ced4,181,206,212
winter-sky,Winter Sky,#a9c0cb,169,192,203
stratosphere,Stratosphere ,#9ec1cc,158,193,204
sterling-blue,Sterling Blue,#a2b9c2,162,185,194
arona,Arona ,#879ba3,135,155,163
citadel,Citadel ,#748995,116,137,149
blue-mirage,Blue Mirage,#5c6d7c,92,109,124
cloud-blue,Cloud Blue,#a2b6b9,162,182,185
ether,Ether ,#9eb6b8,158,182,184
cameo-blue,Cameo Blue,#769da6,118,157,166
stone-blue,Stone Blue,#829ca5,130,156,165
tourmaline,Tourmaline ,#86a1a9,134,161,169
smoke-blue,Smoke Blue,#6d8994,109,137,148
bluestone,Bluestone ,#577284,87,114,132
aquamarine,Aquamarine ,#9dc3d4,157,195,212
sky-blue,Sky Blue,#8abad3,138,186,211
milky-blue,Milky Blue,#72a8ba,114,168,186
blue-grotto,Blue Grotto,#5cacce,92,172,206
norse-blue,Norse Blue,#4ca5c7,76,165,199
aquarius,Aquarius ,#3cadd4,60,173,212
maui-blue,Maui Blue,#52a2b4,82,162,180
blue-mist,Blue Mist,#5bacc3,91,172,195
river-blue,River Blue,#38afcd,56,175,205
cyan-blue,Cyan Blue,#14a3c7,20,163,199
horizon-blue,Horizon Blue,#289dbe,40,157,190
blue-moon,Blue Moon,#3686a0,54,134,160
bluejay,Bluejay ,#157ea0,21,126,160
mediterranean-blue,Mediterranean Blue,#1478a7,20,120,167
bachelor-button,Bachelor Button,#4abbd5,74,187,213
blue-atoll,Blue Atoll,#00b1d2,0,177,210
vivid-blue,Vivid Blue,#0088b0,0,136,176
hawaiian-ocean,Hawaiian Ocean,#008db9,0,141,185
blue-danube,Blue Danube,#0087b6,0,135,182
blue-jewel,Blue Jewel,#007baa,0,123,170
methyl-blue,Methyl Blue,#0074a8,0,116,168
malibu-blue,Malibu Blue,#008cc1,0,140,193
blithe,Blithe ,#0084bd,0,132,189
swedish-blue,Swedish Blue,#007eb1,0,126,177
dresden-blue,Dresden Blue,#0086bb,0,134,187
diva-blue,Diva Blue,#007bb2,0,123,178
blue-aster,Blue Aster,#0077b3,0,119,179
cloisonne,Cloisonne ,#0075af,0,117,175
french-blue,French Blue,#0072b5,0,114,181
brilliant-blue,Brilliant Blue,#0075b3,0,117,179
directoire-blue,Directoire Blue,#0061a3,0,97,163
skydiver,Skydiver ,#00589b,0,88,155
imperial-blue,Imperial Blue,#005a92,0,90,146
deep-water,Deep Water,#266691,38,102,145
dark-blue,Dark Blue,#305679,48,86,121
pastel-blue,Pastel Blue,#bcd3d5,188,211,213
clearwater,Clearwater ,#aad5db,170,213,219
blue-glow,Blue Glow,#b2d4dd,178,212,221
plume,Plume ,#a5cfd5,165,207,213
porcelain-blue,Porcelain Blue,#95c0cb,149,192,203
crystal-blue,Crystal Blue,#a1c8db,161,200,219
petit-four,Petit Four,#87c2d4,135,194,212
wan-blue,Wan Blue,#cbdcdf,203,220,223
whispering-blue,Whispering Blue,#c9dcdc,201,220,220
skylight,Skylight ,#c8e0e0,200,224,224
aquatic,Aquatic ,#99c1cc,153,193,204
marine-blue,Marine Blue,#76afb6,118,175,182
reef-waters,Reef Waters,#6f9fa9,111,159,169
arctic,Arctic ,#648589,100,133,137
chalk-blue,Chalk Blue,#ccdad7,204,218,215
pale-blue,Pale Blue,#c4d6d3,196,214,211
misty-blue,Misty Blue,#bfcdcc,191,205,204
sky-gray,Sky Gray,#bcc8c6,188,200,198
surf-spray,Surf Spray,#b4c8c2,180,200,194
gray-mist,Gray Mist,#99aeae,153,174,174
aquifer,Aquifer ,#89acac,137,172,172
blue-glass,Blue Glass,#c6e3e1,198,227,225
icy-morn,Icy Morn,#b0d3d1,176,211,209
canal-blue,Canal Blue,#9cc2c5,156,194,197
pastel-turquoise,Pastel Turquoise,#99c5c4,153,197,196
aqua-haze,Aqua Haze,#87b9bc,135,185,188
aqua-sea,Aqua Sea,#6baaae,107,170,174
meadowbrook,Meadowbrook ,#60a0a3,96,160,163
glacier,Glacier ,#c3dbd4,195,219,212
fair-aqua,Fair Aqua,#b8e2dc,184,226,220
soothing-sea,Soothing Sea,#c3e9e4,195,233,228
bleached-aqua,Bleached Aqua,#bce3df,188,227,223
blue-light,Blue Light,#acdfdd,172,223,221
blue-tint,Blue Tint,#9fd9d7,159,217,215
aqua-sky,Aqua Sky,#7bc4c4,123,196,196
morning-mist,Morning Mist,#cfdfdb,207,223,219
harbor-gray,Harbor Gray,#a8c0bb,168,192,187
eggshell-blue,Eggshell Blue,#a3ccc9,163,204,201
dusty-turquoise,Dusty Turquoise,#649b9e,100,155,158
porcelain,Porcelain ,#5d9ca4,93,156,164
brittany-blue,Brittany Blue,#4c7e86,76,126,134
hydro,Hydro ,#426972,66,105,114
blue-haze,Blue Haze,#a5bcbb,165,188,187
nile-blue,Nile Blue,#76a7ab,118,167,171
mineral-blue,Mineral Blue,#6d9192,109,145,146
bristol-blue,Bristol Blue,#558f91,85,143,145
teal,Teal ,#478589,71,133,137
blue-spruce,Blue Spruce,#486b67,72,107,103
sagebrush-green,Sagebrush Green,#567572,86,117,114
green-milieu,Green Milieu,#8a9992,138,153,146
jadeite,Jadeite ,#95a69f,149,166,159
blue-surf,Blue Surf,#90a8a4,144,168,164
oil-blue,Oil Blue,#658c88,101,140,136
trellis,Trellis ,#6a8988,106,137,136
north-atlantic,North Atlantic,#536d70,83,109,112
sea-pine,Sea Pine,#4c6969,76,105,105
slate,Slate ,#8c9fa1,140,159,161
silver-blue,Silver Blue,#8a9a9a,138,154,154
abyss,Abyss ,#8f9e9d,143,158,157
lead,Lead ,#7a898f,122,137,143
stormy-sea,Stormy Sea,#6e8082,110,128,130
trooper,Trooper ,#697a7e,105,122,126
goblin-blue,Goblin Blue,#5f7278,95,114,120
slate-gray,Slate Gray,#8a9691,138,150,145
chinois-green,Chinois Green,#7c8c87,124,140,135
dark-forest,Dark Forest,#556962,85,105,98
balsam-green,Balsam Green,#576664,87,102,100
beetle,Beetle ,#55584c,85,88,76
urban-chic,Urban Chic,#464e4d,70,78,77
darkest-spruce,Darkest Spruce,#303d3c,48,61,60
mallard-blue,Mallard Blue,#3a5c6e,58,92,110
celestial,Celestial ,#006380,0,99,128
saxony-blue,Saxony Blue,#1f6680,31,102,128
lyons-blue,Lyons Blue,#005871,0,88,113
ink-blue,Ink Blue,#0b5369,11,83,105
corsair,Corsair ,#18576c,24,87,108
legion-blue,Legion Blue,#1f495b,31,73,91
aegean-blue,Aegean Blue,#4e6e81,78,110,129
bluesteel,Bluesteel ,#35637c,53,99,124
blue-ashes,Blue Ashes,#3b5f78,59,95,120
midnight,Midnight ,#325b74,50,91,116
blue-sapphire,Blue Sapphire,#09577b,9,87,123
seaport,Seaport ,#005e7d,0,94,125
moroccan-blue,Moroccan Blue,#0f4e67,15,78,103
ocean-depths,Ocean Depths,#006175,0,97,117
blue-coral,Blue Coral,#1b5366,27,83,102
dragonfly,Dragonfly ,#2a5c6a,42,92,106
pacific,Pacific ,#1f595c,31,89,92
balsam,Balsam ,#33565e,51,86,94
mediterranea,Mediterranea ,#32575d,50,87,93
atlantic-deep,Atlantic Deep,#274e55,39,78,85
aqua,Aqua ,#64a1ad,100,161,173
stillwater,Stillwater ,#70a4b0,112,164,176
delphinium-blue,Delphinium Blue,#6198ae,97,152,174
larkspur,Larkspur ,#3c7d90,60,125,144
storm-blue,Storm Blue,#47788a,71,120,138
tapestry,Tapestry ,#436573,67,101,115
colonial-blue,Colonial Blue,#2d6471,45,100,113
peacock-blue,Peacock Blue,#00a0b0,0,160,176
capri-breeze,Capri Breeze,#008799,0,135,153
algiers-blue,Algiers Blue,#00859c,0,133,156
caneel-bay,Caneel Bay,#00849f,0,132,159
caribbean-sea,Caribbean Sea,#00819d,0,129,157
mosaic-blue,Mosaic Blue,#00758f,0,117,143
turkish-tile,Turkish Tile,#00698b,0,105,139
angel-blue,Angel Blue,#83c5cd,131,197,205
blue-radiance,Blue Radiance,#58c9d4,88,201,212
capri,Capri ,#44bbca,68,187,202
blue-curacao,Blue Curacao,#32becc,50,190,204
scuba-blue,Scuba Blue,#00abc0,0,171,192
bluebird,Bluebird ,#009dae,0,157,174
enamel-blue,Enamel Blue,#007a8e,0,122,142
pool-blue,Pool Blue,#67bcb3,103,188,179
blue-turquoise,Blue Turquoise,#53b0ae,83,176,174
baltic,Baltic ,#279d9f,39,157,159
lake-blue,Lake Blue,#008c96,0,140,150
tile-blue,Tile Blue,#008491,0,132,145
pagoda-blue,Pagoda Blue,#1a7f8e,26,127,142
biscay-bay,Biscay Bay,#097988,9,121,136
aruba-blue,Aruba Blue,#81d7d3,129,215,211
ceramic,Ceramic ,#00aaa9,0,170,169
viridian-green,Viridian Green,#009499,0,148,153
tropical-green,Tropical Green,#008786,0,135,134
navigate,Navigate ,#008583,0,133,131
deep-peacock-blue,Deep Peacock-Blue,#008381,0,131,129
lapis,Lapis ,#008684,0,134,132
turquoise,Turquoise ,#45b5aa,69,181,170
waterfall,Waterfall ,#3ab0a2,58,176,162
lagoon,Lagoon ,#4d9e9a,77,158,154
bright-aqua,Bright Aqua,#30a299,48,162,153
porcelain-green,Porcelain Green,#108780,16,135,128
blue-grass,Blue Grass,#007c7a,0,124,122
fanfare,Fanfare ,#006d70,0,109,112
atlantis,Atlantis ,#00af9f,0,175,159
pool-green,Pool Green,#00af9d,0,175,157
dynasty-green,Dynasty Green,#008e80,0,142,128
spectra-green,Spectra Green,#009b8c,0,155,140
columbia,Columbia ,#009288,0,146,136
teal-blue,Teal Blue,#007f7c,0,127,124
parasailing,Parasailing ,#00736c,0,115,108
wasabi,Wasabi ,#73a89e,115,168,158
beryl-green,Beryl Green,#619187,97,145,135
deep-sea,Deep Sea,#4f7c74,79,124,116
bottle-green,Bottle Green,#427d6d,66,125,109
galapagos-green,Galapagos Green,#29685f,41,104,95
antique-green,Antique Green,#29675c,41,103,92
storm,Storm ,#035453,3,84,83
marine-green,Marine Green,#40a48e,64,164,142
sea-green,Sea Green,#149c88,20,156,136
greenlake,Greenlake ,#007d69,0,125,105
tidepool,Tidepool ,#0a6f69,10,111,105
ivy,Ivy ,#226c63,34,108,99
cadmium-green,Cadmium Green,#00675b,0,103,91
alpine-green,Alpine Green,#005f56,0,95,86
canton,Canton ,#6da29e,109,162,158
agate-green,Agate Green,#599f99,89,159,153
sea-blue,Sea Blue,#549f98,84,159,152
latigo-bay,Latigo Bay,#379190,55,145,144
green-blue-slate,Green Blue-Slate,#358082,53,128,130
bayou,Bayou ,#20706f,32,112,111
north-sea,North Sea,#316c6b,49,108,107
deep-jungle,Deep Jungle,#36716f,54,113,111
everglade,Everglade ,#005b5d,0,91,93
teal-green,Teal Green,#006361,0,99,97
harbor-blue,Harbor Blue,#00656e,0,101,110
deep-lake,Deep Lake,#00656b,0,101,107
shaded-spruce,Shaded Spruce,#00585e,0,88,94
deep-teal,Deep Teal,#18454b,24,69,75
silver-pine,Silver Pine,#4e6866,78,104,102
mallard-green,Mallard Green,#405e5c,64,94,92
bistro-green,Bistro Green,#395551,57,85,81
jasper,Jasper ,#335959,51,89,89
bayberry,Bayberry ,#255958,37,89,88
june-bug,June Bug,#264a48,38,74,72
ponderosa-pine,Ponderosa Pine,#203b3d,32,59,61
aqua-glass,Aqua Glass,#d2e8e0,210,232,224
opal-blue,Opal Blue,#c3ddd6,195,221,214
dusty-aqua,Dusty Aqua,#c0dccd,192,220,205
ocean-wave,Ocean Wave,#8ec5b6,142,197,182
holiday,Holiday ,#81c3b4,129,195,180
cascade,Cascade ,#76c1b2,118,193,178
dusty-jade-green,Dusty Jade-Green,#7bb5a3,123,181,163
honeydew,Honeydew ,#bae1d3,186,225,211
brook-green,Brook Green,#afddcc,175,221,204
cabbage,Cabbage ,#87d7be,135,215,190
beveled-glass,Beveled Glass,#7accb8,122,204,184
opal,Opal ,#77cfb7,119,207,183
biscay-green,Biscay Green,#55c6a9,85,198,169
spearmint,Spearmint ,#64bfa4,100,191,164
moonlight-jade,Moonlight Jade,#c7e5df,199,229,223
bay,Bay ,#bae5d6,186,229,214
yucca,Yucca ,#a1d7c9,161,215,201
beach-glass,Beach Glass,#96dfce,150,223,206
ice-green,Ice Green,#87d8c3,135,216,195
cockatoo,Cockatoo ,#58c8b6,88,200,182
florida-keys,Florida Keys,#56beab,86,190,171
bermuda,Bermuda ,#60c9b3,96,201,179
electric-green,Electric Green,#4bc3a8,75,195,168
aqua-green,Aqua Green,#00b89f,0,184,159
billiard,Billiard ,#00aa92,0,170,146
arcadia,Arcadia ,#00a28a,0,162,138
alhambra,Alhambra ,#008778,0,135,120
deep-green,Deep Green,#009276,0,146,118
mint-leaf,Mint Leaf,#00b694,0,182,148
peacock-green,Peacock Green,#00a78b,0,167,139
vivid-green,Vivid Green,#009e82,0,158,130
emerald,Emerald ,#009473,0,148,115
viridis,Viridis ,#00846b,0,132,107
shady-glade,Shady Glade,#006e5b,0,110,91
ultramarine-green,Ultramarine Green,#006b54,0,107,84
silt-green,Silt Green,#a9bdb1,169,189,177
frosty-green,Frosty Green,#a3b5a6,163,181,166
iceberg-green,Iceberg Green,#8c9c92,140,156,146
granite-green,Granite Green,#86a293,134,162,147
green-bay,Green Bay,#7e9285,126,146,133
lily-pad,Lily Pad,#818f84,129,143,132
laurel-wreath,Laurel Wreath,#616f65,97,111,101
green-spruce,Green Spruce,#589f7e,88,159,126
comfrey,Comfrey ,#5b7961,91,121,97
dark-ivy,Dark Ivy,#5b7763,91,119,99
foliage-green,Foliage Green,#3e6f58,62,111,88
myrtle,Myrtle ,#4f6b58,79,107,88
posy-green,Posy Green,#325b51,50,91,81
pineneedle,Pineneedle ,#334d41,51,77,65
sea-spray,Sea Spray,#717e6f,113,126,111
duck-green,Duck Green,#53665c,83,102,92
frosty-spruce,Frosty Spruce,#578270,87,130,112
fir,Fir ,#3a725f,58,114,95
evergreen,Evergreen ,#11574a,17,87,74
hunter-green,Hunter Green,#335749,51,87,73
dark-green,Dark Green,#314f40,49,79,64
feldspar,Feldspar ,#729b8b,114,155,139
smoke-pine,Smoke Pine,#3e6257,62,98,87
trekking-green,Trekking Green,#355048,53,80,72
garden-topiary,Garden Topiary,#3e524b,62,82,75
jungle-green,Jungle Green,#3c4e47,60,78,71
sycamore,Sycamore ,#35463d,53,70,61
green-gables,Green Gables,#324241,50,66,65
vetiver,Vetiver ,#807d6f,128,125,111
deep-lichen-green,Deep Lichen-Green,#6e6e5c,110,110,92
thyme,Thyme ,#50574c,80,87,76
kombu-green,Kombu Green,#3a4032,58,64,50
deep-forest,Deep Forest,#37413a,55,65,58
forest-night,Forest Night,#434237,67,66,55
rosin,Rosin ,#36362d,54,54,45
celadon,Celadon ,#b8ccba,184,204,186
pale-aqua,Pale Aqua,#c1ccc2,193,204,194
smoke,Smoke ,#bfc8c3,191,200,195
foggy-dew,Foggy Dew,#d1d5d0,209,213,208
mercury,Mercury ,#bac2ba,186,194,186
mineral-gray,Mineral Gray,#b2b6ac,178,182,172
aqua-gray,Aqua Gray,#a5b2aa,165,178,170
fairest-jade,Fairest Jade,#d8e3d7,216,227,215
water-lily,Water Lily,#dde3d5,221,227,213
canary-green,Canary Green,#d6dec9,214,222,201
almost-aqua,Almost Aqua,#cad3c1,202,211,193
green-tint,Green Tint,#c5ccc0,197,204,192
sea-foam,Sea Foam,#b7c2b2,183,194,178
desert-sage,Desert Sage,#a7ae9e,167,174,158
whisper-green,Whisper Green,#e0e6d7,224,230,215
celadon-tint,Celadon Tint,#cbcebe,203,206,190
dewkist,Dewkist ,#c4d1c2,196,209,194
green-lily,Green Lily,#c1cec1,193,206,193
cameo-green,Cameo Green,#aac0ad,170,192,173
seagrass,Seagrass ,#959889,149,152,137
shadow,Shadow ,#888d82,136,141,130
clearly-aqua,Clearly Aqua,#cee1d4,206,225,212
misty-jade,Misty Jade,#bcd9c8,188,217,200
subtle-green,Subtle Green,#b5cbbb,181,203,187
aqua-foam,Aqua Foam,#adc3b4,173,195,180
gossamer-green,Gossamer Green,#b2cfbe,178,207,190
lichen,Lichen ,#9bc2b1,155,194,177
grayed-jade,Grayed Jade,#9bbea9,155,190,169
milky-green,Milky Green,#cfdbd1,207,219,209
phantom-green,Phantom Green,#dce4d7,220,228,215
mist-green,Mist Green,#aacebc,170,206,188
birds-egg-green,Birds Egg-Green,#aaccb9,170,204,185
bok-choy,Bok Choy,#bccab3,188,202,179
smoke-green,Smoke Green,#a8bba2,168,187,162
malachite-green,Malachite Green,#709a89,112,154,137
mistletoe,Mistletoe ,#8aa282,138,162,130
basil,Basil ,#879f84,135,159,132
mineral-green,Mineral Green,#7a9b78,122,155,120
green-eyes,Green Eyes,#7d956d,125,149,109
turf-green,Turf Green,#6f8c69,111,140,105
watercress,Watercress ,#748c69,116,140,105
elm-green,Elm Green,#547053,84,112,83
hedge-green,Hedge Green,#768a75,118,138,117
loden-frost,Loden Frost,#788f74,120,143,116
shale-green,Shale Green,#739072,115,144,114
kashmir,Kashmir ,#6f8d6a,111,141,106
stone-green,Stone Green,#658e67,101,142,103
english-ivy,English Ivy,#61845b,97,132,91
deep-grass-green,Deep Grass-Green,#558367,85,131,103
piquant-green,Piquant Green,#769358,118,147,88
forest-green,Forest Green,#6b8d53,107,141,83
fluorite-green,Fluorite Green,#699158,105,145,88
cactus,Cactus ,#53713d,83,113,61
garden-green,Garden Green,#495e35,73,94,53
artichoke-green,Artichoke Green,#4b6d41,75,109,65
willow-bough,Willow Bough,#59754d,89,117,77
aspen-green,Aspen Green,#7e9b76,126,155,118
medium-green,Medium Green,#3c824e,60,130,78
juniper,Juniper ,#3d7245,61,114,69
fairway,Fairway ,#477050,71,112,80
vineyard-green,Vineyard Green,#5f7355,95,115,85
dill,Dill ,#6f7755,111,119,85
greener-pastures,Greener Pastures,#37503d,55,80,61
four-leaf-clover,Four Leaf-Clover,#616652,97,102,82
bronze-green,Bronze Green,#525f48,82,95,72
chive,Chive ,#4a5335,74,83,53
cypress,Cypress ,#545a3e,84,90,62
black-forest,Black Forest,#414f3c,65,79,60
rifle-green,Rifle Green,#414832,65,72,50
duffel-bag,Duffel Bag,#394034,57,64,52
ambrosia,Ambrosia ,#d2e7ca,210,231,202
spray,Spray ,#bed3bb,190,211,187
pastel-green,Pastel Green,#b4d3b2,180,211,178
hemlock,Hemlock ,#97c1a1,151,193,161
sprucestone,Sprucestone ,#9fc09c,159,192,156
meadow,Meadow ,#8bba94,139,186,148
jadesheen,Jadesheen ,#77a276,119,162,118
green-ash,Green Ash,#a0daa9,160,218,169
greengage,Greengage ,#8bc28c,139,194,140
ming,Ming ,#7cb08a,124,176,138
zephyr-green,Zephyr Green,#7cb083,124,176,131
peapod,Peapod ,#82b185,130,177,133
light-grass-green,Light Grass-Green,#7cb68e,124,182,142
absinthe-green,Absinthe Green,#76b583,118,181,131
neptune-green,Neptune Green,#7fbb9e,127,187,158
creme-de-menthe,Creme De-Menthe,#70a38d,112,163,141
winter-green,Winter Green,#4f9e81,79,158,129
gumdrop-green,Gumdrop Green,#2ea785,46,167,133
holly-green,Holly Green,#0f9d76,15,157,118
parakeet,Parakeet ,#008c69,0,140,105
golf-green,Golf Green,#008763,0,135,99
spring-bud,Spring Bud,#6bcd9c,107,205,156
katydid,Katydid ,#66bc91,102,188,145
jade-cream,Jade Cream,#60b892,96,184,146
ming-green,Ming Green,#3aa278,58,162,120
greenbriar,Greenbriar ,#4b9b69,75,155,105
leprechaun,Leprechaun ,#378661,55,134,97
pine-green,Pine Green,#3a795e,58,121,94
blarney,Blarney ,#00a776,0,167,118
mint,Mint ,#00a170,0,161,112
deep-mint,Deep Mint,#009e6d,0,158,109
simply-green,Simply Green,#009b75,0,155,117
pepper-green,Pepper Green,#007d60,0,125,96
bosphorus,Bosphorus ,#007558,0,117,88
verdant-green,Verdant Green,#12674a,18,103,74
seacrest,Seacrest ,#bfd1b3,191,209,179
gleam,Gleam ,#bfd1ad,191,209,173
nile-green,Nile Green,#a7c796,167,199,150
quiet-green,Quiet Green,#9ebc97,158,188,151
fair-green,Fair Green,#92af88,146,175,136
forest-shade,Forest Shade,#91ac80,145,172,128
jade-green,Jade Green,#759465,117,148,101
patina-green,Patina Green,#b9eab3,185,234,179
pistachio-green,Pistachio Green,#a9d39e,169,211,158
arcadian-green,Arcadian Green,#a3c893,163,200,147
grass-green,Grass Green,#7bb369,123,179,105
bud-green,Bud Green,#79b465,121,180,101
green-tea,Green Tea,#86a96f,134,169,111
tendril,Tendril ,#89a06b,137,160,107
paradise-green,Paradise Green,#b2e79f,178,231,159
lime-green,Lime Green,#9fc131,159,193,49
jasmine-green,Jasmine Green,#7ec845,126,200,69
green-flash,Green Flash,#79c753,121,199,83
classic-green,Classic Green,#39a845,57,168,69
online-lime,Online Lime,#44883c,68,136,60
treetop,Treetop ,#476a30,71,106,48
summer-green,Summer Green,#7ed37f,126,211,127
spring-bouquet,Spring Bouquet,#6dce87,109,206,135
island-green,Island Green,#2bae66,43,174,102
irish-green,Irish Green,#45be76,69,190,118
shamrock,Shamrock ,#6fa26b,111,162,107
peppermint,Peppermint ,#699e6d,105,158,109
mint-green,Mint Green,#487d49,72,125,73
poison-green,Poison Green,#4db560,77,181,96
vibrant-green,Vibrant Green,#55a860,85,168,96
kelly-green,Kelly Green,#339c5e,51,156,94
bright-green,Bright Green,#009b5c,0,155,92
fern-green,Fern Green,#008c45,0,140,69
jelly-bean,Jelly Bean,#008658,0,134,88
amazon,Amazon ,#1f7349,31,115,73
green-glow,Green Glow,#b0c965,176,201,101
bright-lime-green,Bright Lime-Green,#97bc62,151,188,98
greenery,Greenery ,#88b04b,136,176,75
foliage,Foliage ,#75a14f,117,161,79
peridot,Peridot ,#819548,129,149,72
meadow-green,Meadow Green,#739957,115,153,87
woodbine,Woodbine ,#7b7f32,123,127,50
jade-lime,Jade Lime,#a1ca7b,161,202,123
herbal-garden,Herbal Garden,#9cad60,156,173,96
leaf-green,Leaf Green,#9faf6c,159,175,108
parrot-green,Parrot Green,#8db051,141,176,81
dark-citron,Dark Citron,#a0ac4f,160,172,79
macaw-green,Macaw Green,#9bb53e,155,181,62
kiwi,Kiwi ,#7aab55,122,171,85
sharp-green,Sharp Green,#c6ec7a,198,236,122
daiquiri-green,Daiquiri Green,#c9d77e,201,215,126
wild-lime,Wild Lime,#c3d363,195,211,99
linden-green,Linden Green,#c4bf71,196,191,113
bright-chartreuse,Bright Chartreuse,#b5bf50,181,191,80
tender-shoots,Tender Shoots,#b5cc39,181,204,57
lime-punch,Lime Punch,#c0d725,192,215,37
sunny-lime,Sunny Lime,#dfef87,223,239,135
limeade,Limeade ,#d3d95f,211,217,95
sulphur-spring,Sulphur Spring,#d5d717,213,215,23
citronelle,Citronelle ,#b8af23,184,175,35
apple-green,Apple Green,#b5b644,181,182,68
warm-olive,Warm Olive,#c7b63c,199,182,60
antique-moss,Antique Moss,#b9a023,185,160,35
lime-cream,Lime Cream,#d7e8bc,215,232,188
shadow-lime,Shadow Lime,#cfe09d,207,224,157
lime-sherbet,Lime Sherbet,#cdd78a,205,215,138
lettuce-green,Lettuce Green,#bed38e,190,211,142
sap-green,Sap Green,#afcb80,175,203,128
opaline-green,Opaline Green,#a3c57d,163,197,125
winter-pear,Winter Pear,#b0b487,176,180,135
sylvan-green,Sylvan Green,#e7eacb,231,234,203
glass-green,Glass Green,#ecead0,236,234,208
green-essence,Green Essence,#e9eac8,233,234,200
ethereal-green,Ethereal Green,#f1ecca,241,236,202
garden-glade,Garden Glade,#dcd8a8,220,216,168
hay,Hay ,#d3cca3,211,204,163
pale-green,Pale Green,#cbce91,203,206,145
young-wheat,Young Wheat,#e1e3a9,225,227,169
citron,Citron ,#dfde9b,223,222,155
luminary-green,Luminary Green,#e3eaa5,227,234,165
pale-lime-yellow,Pale Lime-Yellow,#dfe69f,223,230,159
chardonnay,Chardonnay ,#e7df99,231,223,153
lima-bean,Lima Bean,#e1d590,225,213,144
charlock,Charlock ,#e5e790,229,231,144
mellow-green,Mellow Green,#d5d593,213,213,147
shadow-green,Shadow Green,#cfc486,207,196,134
celery-green,Celery Green,#c5cc7b,197,204,123
green-banana,Green Banana,#babc72,186,188,114
green-oasis,Green Oasis,#b0b454,176,180,84
leek-green,Leek Green,#b7b17a,183,177,122
weeping-willow,Weeping Willow,#b3b17b,179,177,123
palm,Palm ,#afaf5e,175,175,94
golden-olive,Golden Olive,#af9841,175,152,65
oasis,Oasis ,#a3a04e,163,160,78
moss,Moss ,#a09d59,160,157,89
amber-green,Amber Green,#9a803a,154,128,58
ecru-olive,Ecru Olive,#927b3c,146,123,60
green-moss,Green Moss,#857946,133,121,70
khaki,Khaki ,#a39264,163,146,100
fennel-seed,Fennel Seed,#998456,153,132,86
willow,Willow ,#9a8b4f,154,139,79
bronze-mist,Bronze Mist,#9c7e41,156,126,65
dried-tobacco,Dried Tobacco,#997b38,153,123,56
tapenade,Tapenade ,#805d24,128,93,36
plantation,Plantation ,#7a6332,122,99,50
fog-green,Fog Green,#c2cbb4,194,203,180
tender-greens,Tender Greens,#c5cfb6,197,207,182
aloe-wash,Aloe Wash,#d0d3b7,208,211,183
celadon-green,Celadon Green,#b5c1a5,181,193,165
laurel-green,Laurel Green,#adbba1,173,187,161
swamp,Swamp ,#a8b197,168,177,151
reseda,Reseda ,#a1ad92,161,173,146
meadow-mist,Meadow Mist,#d3dec4,211,222,196
butterfly,Butterfly ,#cadea5,202,222,165
white-jade,White Jade,#d4dbb2,212,219,178
seafoam-green,Seafoam Green,#cbd5b1,203,213,177
reed,Reed ,#c3d3a8,195,211,168
seedling,Seedling ,#c0cba1,192,203,161
foam-green,Foam Green,#b4c79c,180,199,156
lily-green,Lily Green,#c5cf98,197,207,152
beechnut,Beechnut ,#c2c18d,194,193,141
nile,Nile ,#b4bb85,180,187,133
sweet-pea,Sweet Pea,#a3a969,163,169,105
spinach-green,Spinach Green,#909b4c,144,155,76
fern,Fern ,#9aa067,154,160,103
green-olive,Green Olive,#8d8b55,141,139,85
epsom,Epsom ,#849161,132,145,97
grasshopper,Grasshopper ,#77824a,119,130,74
turtle-green,Turtle Green,#81894e,129,137,78
calliste-green,Calliste Green,#757a4e,117,122,78
calla-green,Calla Green,#6a6f34,106,111,52
cedar-green,Cedar Green,#5e6737,94,103,55
pesto,Pesto ,#595f34,89,95,52
tarragon,Tarragon ,#a4ae77,164,174,119
sage,Sage ,#91946e,145,148,110
iguana,Iguana ,#818455,129,132,85
oil-green,Oil Green,#80856d,128,133,109
loden-green,Loden Green,#6e7153,110,113,83
capulet-olive,Capulet Olive,#656344,101,99,68
olivine,Olivine ,#666b54,102,107,84
lint,Lint ,#b6ba99,182,186,153
pale-olive-green,Pale Olive-Green,#b5ad88,181,173,136
sage-green,Sage Green,#b2ac88,178,172,136
gray-green,Gray Green,#a49a79,164,154,121
sponge,Sponge ,#a49775,164,151,117
mermaid,Mermaid ,#817a65,129,122,101
dusky-green,Dusky Green,#746c57,116,108,87
tea,Tea ,#999b85,153,155,133
silver-sage,Silver Sage,#938b78,147,139,120
slate-green,Slate Green,#a0987c,160,152,124
elm,Elm ,#a39f86,163,159,134
mosstone,Mosstone ,#858961,133,137,97
aloe,Aloe ,#817a60,129,122,96
olive-drab,Olive Drab,#756d47,117,109,71
cedar,Cedar ,#928e64,146,142,100
boa,Boa ,#8e855f,142,133,95
dried-herb,Dried Herb,#847a59,132,122,89
olive-branch,Olive Branch,#646a45,100,106,69
lizard,Lizard ,#71643e,113,100,62
avocado,Avocado ,#676232,103,98,50
fir-green,Fir Green,#67592a,103,89,42
bog,Bog ,#bab696,186,182,150
elmwood,Elmwood ,#8c7c61,140,124,97
gothic-olive,Gothic Olive,#7c6e4f,124,110,79
butternut,Butternut ,#7a643f,122,100,63
nutria,Nutria ,#75663e,117,102,62
military-olive,Military Olive,#63563b,99,86,59
dark-olive,Dark Olive,#574d35,87,77,53
moss-gray,Moss Gray,#afab97,175,171,151
abbey-stone,Abbey Stone,#aba798,171,167,152
burnt-olive,Burnt Olive,#646049,100,96,73
dusty-olive,Dusty Olive,#646356,100,99,86
ivy-green,Ivy Green,#585442,88,84,66
olive-night,Olive Night,#535040,83,80,64
grape-leaf,Grape Leaf,#545144,84,81,68
porpoise,Porpoise ,#a7a19e,167,161,158
satellite,Satellite ,#9f8d89,159,141,137
driftwood,Driftwood ,#847a75,132,122,117
falcon,Falcon ,#6d625b,109,98,91
morel,Morel ,#685c53,104,92,83
fallen-rock,Fallen Rock,#807669,128,118,105
vintage-khaki,Vintage Khaki,#9a9186,154,145,134
crockery,Crockery ,#a49887,164,152,135
greige,Greige ,#928475,146,132,117
desert-taupe,Desert Taupe,#8d7e71,141,126,113
white-pepper,White Pepper,#b6a893,182,168,147
humus,Humus ,#b7a793,183,167,147
portabella,Portabella ,#937b6a,147,123,106
caribou,Caribou ,#816d5e,129,109,94
travertine,Travertine ,#ae997d,174,153,125
starfish,Starfish ,#b09a77,176,154,119
semolina,Semolina ,#ceb899,206,184,153
curds-and-whey,Curds And-Whey,#bca483,188,164,131
tigers-eye,Tigers Eye,#977c61,151,124,97
toasted-coconut,Toasted Coconut,#8b6a4f,139,106,79
rain-drum,Rain Drum,#5f4c40,95,76,64
pear-sorbet,Pear Sorbet,#f3eac3,243,234,195
pineapple-slice,Pineapple Slice,#e7d391,231,211,145
yarrow,Yarrow ,#face6d,250,206,109
anise-flower,Anise Flower,#f4e3b5,244,227,181
flan,Flan ,#f6e3b4,246,227,180
sundress,Sundress ,#ebcf89,235,207,137
macadamia,Macadamia ,#e4cfb6,228,207,182
lemon-meringue,Lemon Meringue,#f6e199,246,225,153
yellow-iris,Yellow Iris,#eee78e,238,231,142
goldfinch,Goldfinch ,#f8dc6c,248,220,108
lemon-zest,Lemon Zest,#f9d857,249,216,87
solar-power,Solar Power,#f4bf3a,244,191,58
samoan-sun,Samoan Sun,#fbc85f,251,200,95
desert-sun,Desert Sun,#c87629,200,118,41
pumpkin-spice,Pumpkin Spice,#a05c17,160,92,23
orange-pepper,Orange Pepper,#df7500,223,117,0
marmalade,Marmalade ,#c16512,193,101,18
hawaiian-sunset,Hawaiian Sunset,#bb5c14,187,92,20
autumnal,Autumnal ,#a15325,161,83,37
umber,Umber ,#944a1f,148,74,31
exuberance,Exuberance ,#e86800,232,104,0
puffins-bill,Puffins Bill,#e95c20,233,92,32
caramel-cafe,Caramel Cafe,#864c24,134,76,36
gold-flame,Gold Flame,#b45422,180,84,34
cinnamon-stick,Cinnamon Stick,#9b4722,155,71,34
potters-clay,Potters Clay,#9e4624,158,70,36
rooibos-tea,Rooibos Tea,#a23c26,162,60,38
celosia-orange,Celosia Orange,#e8703a,232,112,58
orangeade,Orangeade ,#e2552c,226,85,44
pureed-pumpkin,Pureed Pumpkin,#c34121,195,65,33
tangerine-tango,Tangerine Tango,#dd4124,221,65,36
poinciana,Poinciana ,#ca3422,202,52,34
koi,Koi ,#d15837,209,88,55
samba,Samba ,#a2242f,162,36,47
barbados-cherry,Barbados Cherry,#aa0a27,170,10,39
haute-red,Haute Red,#a11729,161,23,41
salsa,Salsa ,#aa182b,170,24,43
scarlet-sage,Scarlet Sage,#9d202f,157,32,47
scooter,Scooter ,#941e32,148,30,50
red-dahlia,Red Dahlia,#7d2027,125,32,39
sun-dried-tomato,Sun Dried-Tomato,#752329,117,35,41
fired-brick,Fired Brick,#6a2e2a,106,46,42
rhubarb,Rhubarb ,#77202f,119,32,47
syrah,Syrah ,#6a282c,106,40,44
pomegranate,Pomegranate ,#6c2831,108,40,49
cabernet,Cabernet ,#64242e,100,36,46
ballerina,Ballerina ,#f2cfdc,242,207,220
fairy-tale,Fairy Tale,#f2c1d1,242,193,209
etherea,Etherea ,#a5958f,165,149,143
foxglove,Foxglove ,#b98391,185,131,145
mesa-rose,Mesa Rose,#a66e7a,166,110,122
jazzy,Jazzy ,#b61c50,182,28,80
granita,Granita ,#a52350,165,35,80
cherries-jubilee,Cherries Jubilee,#a22452,162,36,82
cabaret,Cabaret ,#cb3373,203,51,115
vivacious,Vivacious ,#a32857,163,40,87
bellflower,Bellflower ,#9469a2,148,105,162
english-lavendar,English Lavendar,#9d7bb0,157,123,176
rhapsody,Rhapsody ,#9f86aa,159,134,170
acai,Acai ,#46295a,70,41,90
tillandsia-purple,Tillandsia Purple,#563474,86,52,116
picasso-lily,Picasso Lily,#634878,99,72,120
mystical,Mystical ,#5f4e72,95,78,114
icelandic-blue,Icelandic Blue,#a9adc2,169,173,194
aleutian,Aleutian ,#9a9eb3,154,158,179
silver-bullet,Silver Bullet,#81839a,129,131,154
blue-granite,Blue Granite,#717388,113,115,136
evening-blue,Evening Blue,#2a293e,42,41,62
deep-well,Deep Well,#2c2a33,44,42,51
night-sky,Night Sky,#2a2a35,42,42,53
blue-heron,Blue Heron,#96a3c7,150,163,199
hydrangea,Hydrangea ,#849bcc,132,155,204
xenon-blue,Xenon Blue,#b7c0d7,183,192,215
brunnera-blue,Brunnera Blue,#9ba9ca,155,169,202
sky-captain,Sky Captain,#262934,38,41,52
navy-blazer,Navy Blazer,#282d3c,40,45,60
dark-sapphire,Dark Sapphire,#262b37,38,43,55
plein-air,Plein Air,#bfcad6,191,202,214
halogen-blue,Halogen Blue,#bdc6dc,189,198,220
chambray-blue,Chambray Blue,#9eb4d3,158,180,211
bel-air-blue,Bel Air-Blue,#819ac1,129,154,193
vintage-indigo,Vintage Indigo,#4a556b,74,85,107
sodalite-blue,Sodalite Blue,#253668,37,54,104
parisian-night,Parisian Night,#323441,50,52,65
monaco-blue,Monaco Blue,#274374,39,67,116
vallarta-blue,Vallarta Blue,#30658e,48,101,142
salute,Salute ,#282b34,40,43,52
outer-space,Outer Space,#2f3441,47,52,65
blueberry,Blueberry ,#2c333e,44,51,62
carbon,Carbon ,#272f38,39,47,56
vulcan,Vulcan ,#2d3036,45,48,54
omphalodes,Omphalodes ,#b5cedf,181,206,223
cool-blue,Cool Blue,#a5c5d9,165,197,217
bering-sea,Bering Sea,#4b5b6e,75,91,110
blue-wing-teal,Blue Wing-Teal,#2c4053,44,64,83
poseidon,Poseidon ,#123955,18,57,85
mykonos-blue,Mykonos Blue,#005780,0,87,128
reflecting-pond,Reflecting Pond,#203e4a,32,62,74
corydalis-blue,Corydalis Blue,#a9cada,169,202,218
blue-topaz,Blue Topaz,#78bdd4,120,189,212
gulf-stream,Gulf Stream,#88c3d0,136,195,208
aquarelle,Aquarelle ,#61aab1,97,170,177
aqua-splash,Aqua Splash,#85ced1,133,206,209
botanical-garden,Botanical Garden,#12403c,18,64,60
scarab,Scarab ,#23312d,35,49,45
nimbus-cloud,Nimbus Cloud,#d5d5d8,213,213,216
micro-chip,Micro Chip,#babcc0,186,188,192
wet-weather,Wet Weather,#929090,146,144,144
titanium,Titanium ,#807d7f,128,125,127
december-sky,December Sky,#767275,118,114,117
pavement,Pavement ,#524d50,82,77,80
magnet,Magnet ,#4d4b4f,77,75,79
silver-sconce,Silver Sconce,#a19fa5,161,159,165
silver-filigree,Silver Filigree,#7f7c81,127,124,129
quicksilver,Quicksilver ,#7e7d88,126,125,136
storm-front,Storm Front,#787376,120,115,118
tornado,Tornado ,#5e5b60,94,91,96
eiffel-tower,Eiffel Tower,#5c5658,92,86,88
graphite,Graphite ,#3b3b48,59,59,72
alloy,Alloy ,#98979a,152,151,154
sleet,Sleet ,#92949b,146,148,155
tradewinds,Tradewinds ,#7f8793,127,135,147
grisaille,Grisaille ,#585e6f,88,94,111
periscope,Periscope ,#46444c,70,68,76
quiet-shade,Quiet Shade,#66676d,102,103,109
turbulence,Turbulence ,#4e545b,78,84,91
stormy-weather,Stormy Weather,#58646d,88,100,109
iron-gate,Iron Gate,#4e5055,78,80,85
forged-iron,Forged Iron,#48464a,72,70,74
asphalt,Asphalt ,#434447,67,68,71
ghost-gray,Ghost Gray,#9c9b98,156,155,152
brushed-nickel,Brushed Nickel,#73706f,115,112,111
mourning-dove,Mourning Dove,#94908b,148,144,139
belgian-block,Belgian Block,#a3a9a6,163,169,166
agave-green,Agave Green,#6b7169,107,113,105
cilantro,Cilantro ,#43544b,67,84,75
pine-grove,Pine Grove,#213631,33,54,49
eden,Eden ,#264e36,38,78,54
jolly-green,Jolly Green,#007844,0,120,68
mountain-view,Mountain View,#2e3d30,46,61,48
margarita,Margarita ,#b5c38e,181,195,142
winter-moss,Winter Moss,#5b5a41,91,90,65
climbing-ivy,Climbing Ivy,#444940,68,73,64
delicioso,Delicioso ,#3f352f,63,53,47
mulch,Mulch ,#433937,67,57,55
mole,Mole ,#392d2b,57,45,43
chocolate-torte,Chocolate Torte,#382e2d,56,46,45
ganache,Ganache ,#34292a,52,41,42
black-bean,Black Bean,#2e272a,46,39,42
espresso,Espresso ,#363031,54,48,49
meteorite,Meteorite ,#2b2929,43,41,41
tap-shoe,Tap Shoe,#2a2b2d,42,43,45
white-alyssum,White Alyssum,#efebe7,239,235,231
jet-stream,Jet Stream,#ede6de,237,230,222
sweet-cream,Sweet Cream,#f0ead6,240,234,214
buttercream,Buttercream ,#efe0cd,239,224,205
lemon-icing,Lemon Icing,#f6ebc8,246,235,200
sugar-swizzle,Sugar Swizzle,#f3eee7,243,238,231
coconut-milk,Coconut Milk,#f0ede5,240,237,229
yellow-pear,Yellow Pear,#ece99b,236,233,155
sea-salt,Sea Salt,#f1e6de,241,230,222
brilliant-white,Brilliant White,#edf1fe,237,241,254
cannoli-cream,Cannoli Cream,#f0efe2,240,239,226
tofu,Tofu ,#e8e3d9,232,227,217
pistachio-shell,Pistachio Shell,#d7cfbb,215,207,187
celandine,Celandine ,#ebdf67,235,223,103
lemon-verbena,Lemon Verbena,#f3e779,243,231,121
creme-de-peche,Creme De-Peche,#f5d6c6,245,214,198
marys-rose,Marys Rose,#f7d1d4,247,209,212
morganite,Morganite ,#dfcdc6,223,205,198
rose-water,Rose Water,#f8e0e7,248,224,231
almond-milk,Almond Milk,#d6cebe,214,206,190
lime-popsicle,Lime Popsicle,#c0db3a,192,219,58
golden-kiwi,Golden Kiwi,#f3dd3e,243,221,62
meadowlark,Meadowlark ,#ead94e,234,217,78
evening-primrose,Evening Primrose,#ccdb1e,204,219,30
habanero-gold,Habanero Gold,#fed450,254,212,80
minion-yellow,Minion Yellow,#fed55d,254,213,93
soybean,Soybean ,#d2c29d,210,194,157
jurassic-gold,Jurassic Gold,#e7aa56,231,170,86
brown-rice,Brown Rice,#c7bba4,199,187,164
peach-quartz,Peach Quartz,#f5b895,245,184,149
peachy-keen,Peachy Keen,#e2bdb3,226,189,179
brazilian-sand,Brazilian Sand,#dacab7,218,202,183
pink-salt,Pink Salt,#f7cdc7,247,205,199
rose-quartz,Rose Quartz,#f7cac9,247,202,201
ballet-slipper,Ballet Slipper,#ebced5,235,206,213
cherry-blossom,Cherry Blossom,#f7cee0,247,206,224
antarctica,Antarctica ,#c6c5c6,198,197,198
oyster-mushroom,Oyster Mushroom,#c3c6c8,195,198,200
tanager-turquoise,Tanager Turquoise,#91dce8,145,220,232
limpet-shell,Limpet Shell,#98ddde,152,221,222
iced-aqua,Iced Aqua,#abd3db,171,211,219
acid-lime,Acid Lime,#badf30,186,223,48
spicy-mustard,Spicy Mustard,#d8ae47,216,174,71
kumquat,Kumquat ,#fbaa4c,251,170,76
irish-cream,Irish Cream,#c0ac92,192,172,146
orange-chiffon,Orange Chiffon,#f9aa7d,249,170,125
hazelnut,Hazelnut ,#cfb095,207,176,149
sepia-rose,Sepia Rose,#d4bab6,212,186,182
raindrops,Raindrops ,#b1aab3,177,170,179
zen-blue,Zen Blue,#9fa9be,159,169,190
quiet-gray,Quiet Gray,#b9babd,185,186,189
airy-blue,Airy Blue,#92b6d5,146,182,213
harbor-mist,Harbor Mist,#afb1b4,175,177,180
sea-angel,Sea Angel,#98bfca,152,191,202
baltic-sea,Baltic Sea,#79b5db,121,181,219
antiqua-sand,Antiqua Sand,#83c2cd,131,194,205
island-paradise,Island Paradise,#95dee3,149,222,227
tibetan-stone,Tibetan Stone,#82c2c7,130,194,199
mango-mojito,Mango Mojito,#d69c2f,214,156,47
ginger-root,Ginger Root,#bfa58a,191,165,138
iced-coffee,Iced Coffee,#b18f6a,177,143,106
autumn-blaze,Autumn Blaze,#d9922e,217,146,46
golden-orange,Golden Orange,#d7942d,215,148,45
porcini,Porcini ,#cca580,204,165,128
iceland-poppy,Iceland Poppy,#f4963a,244,150,58
papaya,Papaya ,#fea166,254,161,102
carrot-curl,Carrot Curl,#fe8c18,254,140,24
turmeric,Turmeric ,#fe840e,254,132,14
tangelo,Tangelo ,#fe7e03,254,126,3
fenugreek,Fenugreek ,#c0916c,192,145,108
dusted-clay,Dusted Clay,#cc7357,204,115,87
pastry-shell,Pastry Shell,#bd8c66,189,140,102
blooming-dahlia,Blooming Dahlia,#eb9687,235,150,135
crocus-petal,Crocus Petal,#b99bc5,185,155,197
purple-rose,Purple Rose,#b09fca,176,159,202
lilac-breeze,Lilac Breeze,#b3a0c9,179,160,201
serenity,Serenity ,#91a8d0,145,168,208
crystal-seas,Crystal Seas,#5dafce,93,175,206
golden-lime,Golden Lime,#9a9738,154,151,56
split-pea,Split Pea,#9c9a40,156,154,64
lentil-sprout,Lentil Sprout,#aba44d,171,164,77
pure-cashmere,Pure Cashmere,#ada396,173,163,150
sun-baked,Sun Baked,#d27f63,210,127,99
peach-caramel,Peach Caramel,#c5733d,197,115,61
tomato-cream,Tomato Cream,#c57644,197,118,68
orange-tiger,Orange Tiger,#f96714,249,103,20
meerkat,Meerkat ,#a46f44,164,111,68
exotic-orange,Exotic Orange,#f96531,249,101,49
dragon-fire,Dragon Fire,#fc642d,252,100,45
coral-quartz,Coral Quartz,#f77464,247,116,100
peach-echo,Peach Echo,#f7786b,247,120,107
purple-dove,Purple Dove,#98878c,152,135,140
sand-verbena,Sand Verbena,#9f90c1,159,144,193
lilac-gray,Lilac Gray,#9896a4,152,150,164
granada-sky,Granada Sky,#5d81bb,93,129,187
tree-house,Tree House,#988c75,152,140,117
chai-tea,Chai Tea,#b1832f,177,131,47
roasted-pecan,Roasted Pecan,#93592b,147,89,43
roasted-cashew,Roasted Cashew,#918579,145,133,121
winter-twig,Winter Twig,#948a7a,148,138,122
petrified-oak,Petrified Oak,#8d7960,141,121,96
argan-oil,Argan Oil,#8b593e,139,89,62
autumn-maple,Autumn Maple,#c46215,196,98,21
sepia-tint,Sepia Tint,#897560,137,117,96
spice-route,Spice Route,#b95b3f,185,91,63
scarlet-ibis,Scarlet Ibis,#f45520,244,85,32
summer-fig,Summer Fig,#be4b3b,190,75,59
moonscape,Moonscape ,#725f69,114,95,105
fruit-dove,Fruit Dove,#ce5b78,206,91,120
pink-yarrow,Pink Yarrow,#ce3175,206,49,117
toadstool,Toadstool ,#988088,152,128,136
bodacious,Bodacious ,#b76ba3,183,107,163
diffused-orchid,Diffused Orchid,#9879a2,152,121,162
fairy-wren,Fairy Wren,#9479af,148,121,175
sunlit-allium,Sunlit Allium,#9787bb,151,135,187
sharkskin,Sharkskin ,#838487,131,132,135
pale-iris,Pale Iris,#8895c5,136,149,197
iolite,Iolite ,#707bb4,112,123,180
gray-flannel,Gray Flannel,#848182,132,129,130
riverside,Riverside ,#4c6a92,76,106,146
quiet-harbor,Quiet Harbor,#5a789a,90,120,154
lichen-blue,Lichen Blue,#5d89b3,93,137,179
pacific-coast,Pacific Coast,#5480ac,84,128,172
ibiza-blue,Ibiza Blue,#007cb7,0,124,183
navagio-bay,Navagio Bay,#3183a0,49,131,160
barrier-reef,Barrier Reef,#0084a1,0,132,161
guacamole,Guacamole ,#797b3a,121,123,58
kale,Kale ,#5a7247,90,114,71
mayfly,Mayfly ,#65663f,101,102,63
twist-of-lime,Twist Of-Lime,#4e632c,78,99,44
martini-olive,Martini Olive,#716a4d,113,106,77
emperador,Emperador ,#684832,104,72,50
thai-curry,Thai Curry,#ab6819,171,104,25
honey-ginger,Honey Ginger,#a86217,168,98,23
sugar-almond,Sugar Almond,#935529,147,85,41
spiced-apple,Spiced Apple,#783937,120,57,55
chili-oil,Chili Oil,#8e3c36,142,60,54
plum-truffle,Plum Truffle,#675657,103,86,87
brandy-brown,Brandy Brown,#73362a,115,54,42
valiant-poppy,Valiant Poppy,#bc322c,188,50,44
aura-orange,Aura Orange,#b4262a,180,38,42
toreador,Toreador ,#b61032,182,16,50
lychee,Lychee ,#ba0b32,186,11,50
goji-berry,Goji Berry,#b91228,185,18,40
arctic-dusk,Arctic Dusk,#735b6a,115,91,106
ephemera,Ephemera ,#6f5965,111,89,101
jalapeno-red,Jalapeno Red,#b2103c,178,16,60
love-potion,Love Potion,#c01352,192,19,82
pink-peacock,Pink Peacock,#c62168,198,33,104
grape-kiss,Grape Kiss,#7b4368,123,67,104
willowherb,Willowherb ,#8e4483,142,68,131
charisma,Charisma ,#632a60,99,42,96
plum-jam,Plum Jam,#624076,98,64,118
lavender-crystal,Lavender Crystal,#936a98,147,106,152
purple-sapphire,Purple Sapphire,#6f4685,111,70,133
chive-blossom,Chive Blossom,#7d5d99,125,93,153
purple-corallite,Purple Corallite,#5a4e8f,90,78,143
volcanic-glass,Volcanic Glass,#615c60,97,92,96
gray-blue,Gray Blue,#4d587a,77,88,122
blue-horizon,Blue Horizon,#4e6482,78,100,130
iris-bloom,Iris Bloom,#5b609e,91,96,158
nebulas-blue,Nebulas Blue,#2d62a3,45,98,163
indigo-bunting,Indigo Bunting,#006ca9,0,108,169
fjord-blue,Fjord Blue,#007290,0,114,144
hawaiian-surf,Hawaiian Surf,#0078a7,0,120,167
tahitian-tide,Tahitian Tide,#006b7e,0,107,126
quetzal-green,Quetzal Green,#006865,0,104,101
granite-gray,Granite Gray,#615e5f,97,94,95
lush-meadow,Lush Meadow,#006e51,0,110,81
gray-pinstripe,Gray Pinstripe,#49494d,73,73,77
sea-turtle,Sea Turtle,#5e5749,94,87,73
deep-depths,Deep Depths,#46483c,70,72,60
kalamata,Kalamata ,#5f5b4c,95,91,76
crocodile,Crocodile ,#5d5348,93,83,72
chocolate-plum,Chocolate Plum,#3c2d2e,60,45,46
chocolate-lab,Chocolate Lab,#5c3e35,92,62,53
shaved-chocolate,Shaved Chocolate,#543b35,84,59,53
fondue-fudge,Fondue Fudge,#5d4236,93,66,54
tiramisu,Tiramisu ,#634235,99,66,53
rocky-road,Rocky Road,#5a3e36,90,62,54
chicory-coffee,Chicory Coffee,#4a342e,74,52,46
smoked-paprika,Smoked Paprika,#6e362c,110,54,44
chocolate-fondant,Chocolate Fondant,#56352d,86,53,45
cherry-mahogany,Cherry Mahogany,#66352b,102,53,43
merlot,Merlot ,#72262c,114,38,44
red-pear,Red Pear,#7b3539,123,53,57
pickled-beet,Pickled Beet,#4d233d,77,35,61
plum-caspia,Plum Caspia,#61224a,97,34,74
winter-bloom,Winter Bloom,#47243b,71,36,59
spiced-plum,Spiced Plum,#6d4773,109,71,115
violet-indigo,Violet Indigo,#3e285c,62,40,92
maritime-blue,Maritime Blue,#27293d,39,41,61
obsidian,Obsidian ,#3a363b,58,54,59
black-beauty,Black Beauty,#26262a,38,38,42
blackened-pearl,Blackened Pearl,#4d4b50,77,75,80
odyssey-gray,Odyssey Gray,#434452,67,68,82
black-onyx,Black Onyx,#2b272b,43,39,43
navy-peony,Navy Peony,#223a5e,34,58,94
sargasso-sea,Sargasso Sea,#35435a,53,67,90
sailor-blue,Sailor Blue,#0e3a53,14,58,83
gibraltar-sea,Gibraltar Sea,#123850,18,56,80
lapis-blue,Lapis Blue,#004b8d,0,75,141
baleine-blue,Baleine Blue,#155187,21,81,135
galaxy-blue,Galaxy Blue,#2a4b7c,42,75,124
blue-opal,Blue Opal,#0f3b57,15,59,87
moonlit-ocean,Moonlit Ocean,#293b4d,41,59,77
deep-dive,Deep Dive,#29495c,41,73,92
crystal-teal,Crystal Teal,#00637c,0,99,124
deep-lagoon,Deep Lagoon,#005265,0,82,101
sea-moss,Sea Moss,#254445,37,68,69
forest-biome,Forest Biome,#184a45,24,74,69
rain-forest,Rain Forest,#15463e,21,70,62
